@PRODUCTS,YOKOGAWA,CENTUM,,,,,,,,
@ID,BKEEdtAnMsg,,,,,,,,,
@SHEET,1,Annunciator Builder,,,,,,,,
@DATE,2020/1/1,15:00,,,,,,,,
@Element Number,Message,Tag Name,Switch Position Label,Label,Lvl,Tag Mark,Alarm Level,Upper Window,Help,Upper equipment name
%AN0001,#2交流润滑泵周期切换失败,2MKV21AP001AN1,"ON,,OFF,ON",1,4,2,2,,HW0000,
%AN0002,#2油烟风机周期切换失败,2MKV50AN001AN1,"ON,,OFF,ON",1,4,2,2,,HW0000,
%AN0003,,,"ON,,OFF,ON",1,4,2,2,,HW0000,
%AN0004,,,"ON,,OFF,ON",1,4,2,2,,HW0000,
%AN0005,润滑油压力联锁自检失败1,FCS0105DR91AN1,"ON,,OFF,ON",1,4,2,2,,HW0000,
%AN0006,润滑油压力联锁自检失败2,FCS0105DR91AN2,"ON,,OFF,ON",1,4,2,2,,HW0000,
%AN0007,润滑油压力联锁自检失败3,FCS0105DR91AN3,"ON,,OFF,ON",1,4,2,2,,HW0000,
%AN0008,润滑油压力联锁自检失败4,FCS0105DR91AN4,"ON,,OFF,ON",1,4,2,2,,HW0000,
%AN0009,润滑油压力联锁自检失败5,FCS0105DR91AN5,"ON,,OFF,ON",1,4,2,2,,HW0000,
%AN0010,润滑油压力联锁自检失败6,FCS0105DR91AN6,"ON,,OFF,ON",1,4,2,2,,HW0000,
%AN0011,,,"ON,,OFF,ON",1,4,2,2,,HW0000,
%AN0012,,,"ON,,OFF,ON",1,4,2,2,,HW0000,
%AN0013,顶轴油压力联锁自检失败1,FCS0105DR92AN1,"ON,,OFF,ON",1,4,2,2,,HW0000,
%AN0014,顶轴油压力联锁自检失败2,FCS0105DR92AN2,"ON,,OFF,ON",1,4,2,2,,HW0000,
%AN0015,顶轴油压力联锁自检失败3,FCS0105DR92AN3,"ON,,OFF,ON",1,4,2,2,,HW0000,
%AN0016,顶轴油压力联锁自检失败4,FCS0105DR92AN4,"ON,,OFF,ON",1,4,2,2,,HW0000,
%AN0017,顶轴油压力联锁自检失败5,FCS0105DR92AN5,"ON,,OFF,ON",1,4,2,2,,HW0000,
%AN0018,顶轴油压力联锁自检失败6,FCS0105DR92AN6,"ON,,OFF,ON",1,4,2,2,,HW0000,
%AN0019,顶轴油压力联锁自检失败7,FCS0105DR92AN7,"ON,,OFF,ON",1,4,2,2,,HW0000,
%AN0020,,,"ON,,OFF,ON",1,4,2,2,,HW0000,
%AN0021,,,"ON,,OFF,ON",1,4,2,2,,HW0000,
%AN0022,供油压力低跳机自检失败1,FCS0105DR93AN1,"ON,,OFF,ON",1,4,2,2,,HW0000,
%AN0023,供油压力低跳机自检失败2,FCS0105DR93AN2,"ON,,OFF,ON",1,4,2,2,,HW0000,
%AN0024,供油压力低跳机自检失败3,FCS0105DR93AN3,"ON,,OFF,ON",1,4,2,2,,HW0000,
%AN0025,,,"ON,,OFF,ON",1,4,2,2,,HW0000,
%AN0026,,,"ON,,OFF,ON",1,4,2,2,,HW0000,
%AN0027,,,"ON,,OFF,ON",1,4,2,2,,HW0000,
%AN0028,,,"ON,,OFF,ON",1,4,2,2,,HW0000,
%AN0029,,,"ON,,OFF,ON",1,4,2,2,,HW0000,
%AN0030,#2润滑油箱真空异常,2MKV50CP101AN1,"ON,,OFF,ON",1,4,2,2,,HW0000,
%AN0031,,,"ON,,OFF,ON",1,4,2,2,,HW0000,
%AN0032,#2润滑油箱液位低II值报警,2MKV10CL101AN1,"ON,,OFF,ON",1,4,2,2,,HW0000,
%AN0033,#2润滑油箱液位低I值报警,2MKV10CL101AN2,"ON,,OFF,ON",1,4,2,2,,HW0000,
%AN0034,#2润滑油箱液位高I值报警,2MKV10CL101AN3,"ON,,OFF,ON",1,4,2,2,,HW0000,
%AN0035,#2润滑油箱液位高II值报警,2MKV10CL101AN4,"ON,,OFF,ON",1,4,2,2,,HW0000,
%AN0036,,,"ON,,OFF,ON",1,4,2,2,,HW0000,
%AN0037,#2润滑油过滤器堵塞报警,2MKV25CP001AN1,"ON,,OFF,ON",1,4,2,2,,HW0000,
%AN0038,#2润滑油供油口压力低低,2MKV26CP001AN1,"ON,,OFF,ON",1,4,2,2,,HW0000,
%AN0039,,,"ON,,OFF,ON",1,4,2,2,,HW0000,
%AN0040,,,"ON,,OFF,ON",1,4,2,2,,HW0000,
%AN0041,,,"ON,,OFF,ON",1,4,2,2,,HW0000,
%AN0042,,,"ON,,OFF,ON",1,4,2,2,,HW0000,
%AN0043,,,"ON,,OFF,ON",1,4,2,2,,HW0000,
%AN0044,,,"ON,,OFF,ON",1,4,2,2,,HW0000,
%AN0045,,,"ON,,OFF,ON",1,4,2,2,,HW0000,
%AN0046,,,"ON,,OFF,ON",1,4,2,2,,HW0000,
%AN0047,,,"ON,,OFF,ON",1,4,2,2,,HW0000,
%AN0048,,,"ON,,OFF,ON",1,4,2,2,,HW0000,
%AN0049,,,"ON,,OFF,ON",1,4,2,2,,HW0000,
%AN0050,2#机油箱补油顺控步1异常,2MKV10AA001AN22,"ON,,OFF,ON",1,4,2,2,,HW0000,
%AN0051,2#机油箱补油顺控步2异常,2MKV10AA001AN23,"ON,,OFF,ON",1,4,2,2,,HW0000,
%AN0052,2#机油箱补油顺控步3异常,2MKV10AA001AN24,"ON,,OFF,ON",1,4,2,2,,HW0000,
%AN0053,2#机油箱补油顺控步4异常,2MKV10AA001AN25,"ON,,OFF,ON",1,4,2,2,,HW0000,
%AN0054,2#机油箱补油顺控步5异常,2MKV10AA001AN26,"ON,,OFF,ON",1,4,2,2,,HW0000,
%AN0055,2#机油箱补油顺控步6异常,2MKV10AA001AN27,"ON,,OFF,ON",1,4,2,2,,HW0000,
%AN0056,2#机油箱补油顺控步7异常,2MKV10AA001AN28,"ON,,OFF,ON",1,4,2,2,,HW0000,
%AN0057,2#机油箱补油顺控步8异常,2MKV10AA001AN29,"ON,,OFF,ON",1,4,2,2,,HW0000,
%AN0058,2#机油箱补油顺控步9异常,2MKV10AA001AN30,"ON,,OFF,ON",1,4,2,2,,HW0000,
%AN0059,2#机油箱补油顺控步10异常,2MKV10AA001AN31,"ON,,OFF,ON",1,4,2,2,,HW0000,
%AN0060,,,"ON,,OFF,ON",1,4,2,2,,HW0000,
%AN0061,,,"ON,,OFF,ON",1,4,2,2,,HW0000,
%AN0062,,,"ON,,OFF,ON",1,4,2,2,,HW0000,
%AN0063,,,"ON,,OFF,ON",1,4,2,2,,HW0000,
%AN0064,,,"ON,,OFF,ON",1,4,2,2,,HW0000,
%AN0065,2#机油箱净化启顺控1异常,2MKV11AA002AN22,"ON,,OFF,ON",1,4,2,2,,HW0000,
%AN0066,2#机油箱净化启顺控2异常,2MKV11AA002AN23,"ON,,OFF,ON",1,4,2,2,,HW0000,
%AN0067,2#机油箱净化启顺控3异常,2MKV11AA002AN24,"ON,,OFF,ON",1,4,2,2,,HW0000,
%AN0068,2#机油箱净化启顺控4异常,2MKV11AA002AN25,"ON,,OFF,ON",1,4,2,2,,HW0000,
%AN0069,2#机油箱净化启顺控5异常,2MKV11AA002AN26,"ON,,OFF,ON",1,4,2,2,,HW0000,
%AN0070,2#机油箱净化停顺控1异常,2MKV11AA003AN22,"ON,,OFF,ON",1,4,2,2,,HW0000,
%AN0071,2#机油箱净化停顺控2异常,2MKV11AA003AN23,"ON,,OFF,ON",1,4,2,2,,HW0000,
%AN0072,,,"ON,,OFF,ON",1,4,2,2,,HW0000,
%AN0073,,,"ON,,OFF,ON",1,4,2,2,,HW0000,
%AN0074,,,"ON,,OFF,ON",1,4,2,2,,HW0000,
%AN0075,,,"ON,,OFF,ON",1,4,2,2,,HW0000,
%AN0076,,,"ON,,OFF,ON",1,4,2,2,,HW0000,
%AN0077,,,"ON,,OFF,ON",1,4,2,2,,HW0000,
%AN0078,,,"ON,,OFF,ON",1,4,2,2,,HW0000,
%AN0079,,,"ON,,OFF,ON",1,4,2,2,,HW0000,
%AN0080,2#机油箱放油顺控步1异常,2MKV32AA001AN22,"ON,,OFF,ON",1,4,2,2,,HW0000,
%AN0081,2#机油箱放油顺控步2异常,2MKV32AA001AN23,"ON,,OFF,ON",1,4,2,2,,HW0000,
%AN0082,2#机油箱放油顺控步3异常,2MKV32AA001AN24,"ON,,OFF,ON",1,4,2,2,,HW0000,
%AN0083,2#机油箱放油顺控步4异常,2MKV32AA001AN25,"ON,,OFF,ON",1,4,2,2,,HW0000,
%AN0084,2#机油箱放油顺控步5异常,2MKV32AA001AN26,"ON,,OFF,ON",1,4,2,2,,HW0000,
%AN0085,2#机油箱放油顺控步6异常,2MKV32AA001AN27,"ON,,OFF,ON",1,4,2,2,,HW0000,
%AN0086,2#机油箱放油顺控步7异常,2MKV32AA001AN28,"ON,,OFF,ON",1,4,2,2,,HW0000,
%AN0087,2#机油箱放油顺控步8异常,2MKV32AA001AN29,"ON,,OFF,ON",1,4,2,2,,HW0000,
%AN0088,2#机油箱放油顺控步9异常,2MKV32AA001AN30,"ON,,OFF,ON",1,4,2,2,,HW0000,
%AN0089,2#机油箱补油顺控步10异常,2MKV32AA001AN31,"ON,,OFF,ON",1,4,2,2,,HW0000,
%AN0090,2#机油箱补油顺控步11异常,2MKV32AA001AN32,"ON,,OFF,ON",1,4,2,2,,HW0000,
%AN0091,,,"ON,,OFF,ON",1,4,2,2,,HW0000,
%AN0092,,,"ON,,OFF,ON",1,4,2,2,,HW0000,
%AN0093,,,"ON,,OFF,ON",1,4,2,2,,HW0000,
%AN0094,,,"ON,,OFF,ON",1,4,2,2,,HW0000,
%AN0095,,,"ON,,OFF,ON",1,4,2,2,,HW0000,
%AN0096,,,"ON,,OFF,ON",1,4,2,2,,HW0000,
%AN0097,,,"ON,,OFF,ON",1,4,2,2,,HW0000,
%AN0098,,,"ON,,OFF,ON",1,4,2,2,,HW0000,
%AN0099,,,"ON,,OFF,ON",1,4,2,2,,HW0000,
%AN0100,净化顺控步1异常,2MKV13AA001AN22,"ON,,OFF,ON",1,4,2,2,,HW0000,
%AN0101,净化顺控步2异常,2MKV13AA001AN23,"ON,,OFF,ON",1,4,2,2,,HW0000,
%AN0102,净化顺控步3异常,2MKV13AA001AN24,"ON,,OFF,ON",1,4,2,2,,HW0000,
%AN0103,净化顺控步4异常,2MKV13AA001AN25,"ON,,OFF,ON",1,4,2,2,,HW0000,
%AN0104,净化顺控步5异常,2MKV13AA001AN26,"ON,,OFF,ON",1,4,2,2,,HW0000,
%AN0105,净化顺控步6异常,2MKV13AA001AN27,"ON,,OFF,ON",1,4,2,2,,HW0000,
%AN0106,净化顺控步7异常,2MKV13AA001AN28,"ON,,OFF,ON",1,4,2,2,,HW0000,
%AN0107,净化顺控步8异常,2MKV13AA001AN29,"ON,,OFF,ON",1,4,2,2,,HW0000,
%AN0108,净化顺控步9异常,2MKV13AA001AN30,"ON,,OFF,ON",1,4,2,2,,HW0000,
%AN0109,净化顺控步10异常,2MKV13AA001AN31,"ON,,OFF,ON",1,4,2,2,,HW0000,
%AN0110,净化顺控步11异常,2MKV13AA001AN32,"ON,,OFF,ON",1,4,2,2,,HW0000,
%AN0111,,,"ON,,OFF,ON",1,4,2,2,,HW0000,
%AN0112,,,"ON,,OFF,ON",1,4,2,2,,HW0000,
%AN0113,,,"ON,,OFF,ON",1,4,2,2,,HW0000,
%AN0114,,,"ON,,OFF,ON",1,4,2,2,,HW0000,
%AN0115,,,"ON,,OFF,ON",1,4,2,2,,HW0000,
%AN0116,,,"ON,,OFF,ON",1,4,2,2,,HW0000,
%AN0117,,,"ON,,OFF,ON",1,4,2,2,,HW0000,
%AN0118,,,"ON,,OFF,ON",1,4,2,2,,HW0000,
%AN0119,,,"ON,,OFF,ON",1,4,2,2,,HW0000,
%AN0120,2#机油箱放油顺控步1异常,2MKV32AA002AN22,"ON,,OFF,ON",1,4,2,2,,HW0000,
%AN0121,2#机油箱放油顺控步2异常,2MKV32AA002AN23,"ON,,OFF,ON",1,4,2,2,,HW0000,
%AN0122,2#机油箱放油顺控步3异常,2MKV32AA002AN24,"ON,,OFF,ON",1,4,2,2,,HW0000,
%AN0123,2#机油箱放油顺控步4异常,2MKV32AA002AN25,"ON,,OFF,ON",1,4,2,2,,HW0000,
%AN0124,2#机油箱放油顺控步5异常,2MKV32AA002AN26,"ON,,OFF,ON",1,4,2,2,,HW0000,
%AN0125,2#机油箱放油顺控步6异常,2MKV32AA002AN27,"ON,,OFF,ON",1,4,2,2,,HW0000,
%AN0126,2#机油箱放油顺控步7异常,2MKV32AA002AN28,"ON,,OFF,ON",1,4,2,2,,HW0000,
%AN0127,2#机油箱放油顺控步8异常,2MKV32AA002AN29,"ON,,OFF,ON",1,4,2,2,,HW0000,
%AN0128,2#机油箱放油顺控步9异常,2MKV32AA002AN30,"ON,,OFF,ON",1,4,2,2,,HW0000,
%AN0129,2#机油箱补油顺控步10异常,2MKV32AA002AN31,"ON,,OFF,ON",1,4,2,2,,HW0000,
%AN0130,2#机油箱补油顺控步11异常,2MKV32AA002AN32,"ON,,OFF,ON",1,4,2,2,,HW0000,
%AN0131,,,"ON,,OFF,ON",1,4,2,2,,HW0000,
%AN0132,,,"ON,,OFF,ON",1,4,2,2,,HW0000,
%AN0133,,,"ON,,OFF,ON",1,4,2,2,,HW0000,
%AN0134,,,"ON,,OFF,ON",1,4,2,2,,HW0000,
%AN0135,,,"ON,,OFF,ON",1,4,2,2,,HW0000,
%AN0136,,,"ON,,OFF,ON",1,4,2,2,,HW0000,
%AN0137,,,"ON,,OFF,ON",1,4,2,2,,HW0000,
%AN0138,,,"ON,,OFF,ON",1,4,2,2,,HW0000,
%AN0139,,,"ON,,OFF,ON",1,4,2,2,,HW0000,
%AN0140,2#机油箱补油顺控步1异常,2MKV10AA002AN22,"ON,,OFF,ON",1,4,2,2,,HW0000,
%AN0141,2#机油箱补油顺控步2异常,2MKV10AA002AN23,"ON,,OFF,ON",1,4,2,2,,HW0000,
%AN0142,2#机油箱补油顺控步3异常,2MKV10AA002AN24,"ON,,OFF,ON",1,4,2,2,,HW0000,
%AN0143,2#机油箱补油顺控步4异常,2MKV10AA002AN25,"ON,,OFF,ON",1,4,2,2,,HW0000,
%AN0144,2#机油箱补油顺控步5异常,2MKV10AA002AN26,"ON,,OFF,ON",1,4,2,2,,HW0000,
%AN0145,2#机油箱补油顺控步6异常,2MKV10AA002AN27,"ON,,OFF,ON",1,4,2,2,,HW0000,
%AN0146,2#机油箱补油顺控步7异常,2MKV10AA002AN28,"ON,,OFF,ON",1,4,2,2,,HW0000,
%AN0147,2#机油箱补油顺控步8异常,2MKV10AA002AN29,"ON,,OFF,ON",1,4,2,2,,HW0000,
%AN0148,2#机油箱补油顺控步9异常,2MKV10AA002AN30,"ON,,OFF,ON",1,4,2,2,,HW0000,
%AN0149,2#机油箱补油顺控步10异常,2MKV10AA002AN31,"ON,,OFF,ON",1,4,2,2,,HW0000,
%AN0150,,,"ON,,OFF,ON",1,4,2,2,,HW0000,
%AN0151,,,"ON,,OFF,ON",1,4,2,2,,HW0000,
%AN0152,,,"ON,,OFF,ON",1,4,2,2,,HW0000,
%AN0153,,,"ON,,OFF,ON",1,4,2,2,,HW0000,
%AN0154,,,"ON,,OFF,ON",1,4,2,2,,HW0000,
%AN0155,,,"ON,,OFF,ON",1,4,2,2,,HW0000,
%AN0156,,,"ON,,OFF,ON",1,4,2,2,,HW0000,
%AN0157,,,"ON,,OFF,ON",1,4,2,2,,HW0000,
%AN0158,,,"ON,,OFF,ON",1,4,2,2,,HW0000,
%AN0159,,,"ON,,OFF,ON",1,4,2,2,,HW0000,
%AN0160,,,"ON,,OFF,ON",1,4,2,2,,HW0000,
%AN0161,,,"ON,,OFF,ON",1,4,2,2,,HW0000,
%AN0162,,,"ON,,OFF,ON",1,4,2,2,,HW0000,
%AN0163,,,"ON,,OFF,ON",1,4,2,2,,HW0000,
%AN0164,,,"ON,,OFF,ON",1,4,2,2,,HW0000,
%AN0165,,,"ON,,OFF,ON",1,4,2,2,,HW0000,
%AN0166,,,"ON,,OFF,ON",1,4,2,2,,HW0000,
%AN0167,,,"ON,,OFF,ON",1,4,2,2,,HW0000,
%AN0168,,,"ON,,OFF,ON",1,4,2,2,,HW0000,
%AN0169,,,"ON,,OFF,ON",1,4,2,2,,HW0000,
%AN0170,,,"ON,,OFF,ON",1,4,2,2,,HW0000,
%AN0171,油烟风机A远方控制,2MKV50AN001AN04,"ON,,OFF,ON",1,4,2,4,,HW0000,
%AN0172,油烟风机A停止,2MKV50AN001AN02,"ON,,OFF,ON",1,4,2,4,,HW0000,
%AN0173,油烟风机A断路器分闸,2MKV50AN001AN07,"ON,,OFF,ON",1,4,2,4,,HW0000,
%AN0174,润滑油箱电加热器远控,2MKV10AC001AN04,"ON,,OFF,ON",1,4,2,4,,HW0000,
%AN0175,润滑油箱电加热器停止,2MKV10AC001AN02,"ON,,OFF,ON",1,4,2,4,,HW0000,
%AN0176,油烟风机B远方控制,2MKV50AN002AN04,"ON,,OFF,ON",1,4,2,4,,HW0000,
%AN0177,油烟风机B停止,2MKV50AN002AN02,"ON,,OFF,ON",1,4,2,4,,HW0000,
%AN0178,,,"ON,,OFF,ON",1,4,2,4,,HW0000,
%AN0179,,,"ON,,OFF,ON",1,4,2,4,,HW0000,
%AN0180,,,"ON,,OFF,ON",1,4,2,4,,HW0000,
%AN0181,,,"ON,,OFF,ON",1,4,2,4,,HW0000,
%AN0182,,,"ON,,OFF,ON",1,4,2,4,,HW0000,
%AN0183,润滑油供油口压力低低3,2MKV26AN003,"ON,,OFF,ON",1,4,2,2,,HW0000,
%AN0184,润滑油泵出口母管压力低1,2MKV21AN004,"ON,,OFF,ON",1,4,2,2,,HW0000,
%AN0185,润滑油供油口压力低低1,2MKV26AN001,"ON,,OFF,ON",1,4,2,2,,HW0000,
%AN0186,润滑油供油口压力低1,2MKV26AN004,"ON,,OFF,ON",1,4,2,2,,HW0000,
%AN0187,顶轴油泵出口母管压力低1,2MKV30AN007A,"ON,,OFF,ON",1,4,2,2,,HW0000,
%AN0188,顶轴油泵出口母管压低低1,2MKV30AN008,"ON,,OFF,ON",1,4,2,2,,HW0000,
%AN0189,,,"ON,,OFF,ON",1,4,2,4,,HW0000,
%AN0190,,,"ON,,OFF,ON",1,4,2,4,,HW0000,
%AN0191,,,"ON,,OFF,ON",1,4,2,4,,HW0000,
%AN0192,,,"ON,,OFF,ON",1,4,2,4,,HW0000,
%AN0193,,,"ON,,OFF,ON",1,4,2,4,,HW0000,
%AN0194,,,"ON,,OFF,ON",1,4,2,4,,HW0000,
%AN0195,外冷水配电柜#2交流故障,2CSE04CBA00AN003,"ON,,OFF,ON",1,4,2,4,,HW0000,
%AN0196,,,"ON,,OFF,ON",1,4,2,4,,HW0000,
%AN0197,,,"ON,,OFF,ON",1,4,2,4,,HW0000,
%AN0198,,,"ON,,OFF,ON",1,4,2,4,,HW0000,
%AN0199,,,"ON,,OFF,ON",1,4,2,4,,HW0000,
%AN0200,,,"ON,,OFF,ON",1,4,2,4,,HW0000,
%AN0201,,,"ON,,OFF,ON",1,4,2,4,,HW0000,
%AN0202,,,"ON,,OFF,ON",1,4,2,4,,HW0000,
%AN0203,,,"ON,,OFF,ON",1,4,2,4,,HW0000,
%AN0204,,,"ON,,OFF,ON",1,4,2,4,,HW0000,
%AN0205,,,"ON,,OFF,ON",1,4,2,4,,HW0000,
%AN0206,外冷水配电柜切换后故障,2CSE04CBA00AN005,"ON,,OFF,ON",1,4,2,2,,HW0000,
%AN0207,20CBA03柜24VDC电源报警,20CBA03DC24ANN01,"ON,,OFF,ON",1,4,2,2,,HW0000,
%AN0208,润滑油泵出口母管压力低2,2MKV21AN005,"ON,,OFF,ON",1,4,2,2,,HW0000,
%AN0209,润滑油供油口压力低低2,2MKV26AN002,"ON,,OFF,ON",1,4,2,2,,HW0000,
%AN0210,润滑油供油口压力低2,2MKV26AN005,"ON,,OFF,ON",1,4,2,2,,HW0000,
%AN0211,顶轴油泵出口母管压力低2,2MKV30AN007B,"ON,,OFF,ON",1,4,2,2,,HW0000,
%AN0212,顶轴油泵出口母管压低低2,2MKV30AN009,"ON,,OFF,ON",1,4,2,2,,HW0000,
%AN0213,,,"ON,,OFF,ON",1,4,2,4,,HW0000,
%AN0214,,,"ON,,OFF,ON",1,4,2,4,,HW0000,
%AN0215,,,"ON,,OFF,ON",1,4,2,4,,HW0000,
%AN0216,,,"ON,,OFF,ON",1,4,2,4,,HW0000,
%AN0217,,,"ON,,OFF,ON",1,4,2,4,,HW0000,
%AN0218,,,"ON,,OFF,ON",1,4,2,4,,HW0000,
%AN0219,外冷水配电柜#2交流故障,2CSE04CBA00AN004,"ON,,OFF,ON",1,4,2,4,,HW0000,
%AN0220,,,"ON,,OFF,ON",1,4,2,4,,HW0000,
%AN0221,,,"ON,,OFF,ON",1,4,2,4,,HW0000,
%AN0222,,,"ON,,OFF,ON",1,4,2,4,,HW0000,
%AN0223,,,"ON,,OFF,ON",1,4,2,4,,HW0000,
%AN0224,,,"ON,,OFF,ON",1,4,2,4,,HW0000,
%AN0225,,,"ON,,OFF,ON",1,4,2,4,,HW0000,
%AN0226,20CBA04柜24VDC电源报警,20CBA04DC24ANN01,"ON,,OFF,ON",1,4,2,2,,HW0000,
%AN0227,,,"ON,,OFF,ON",1,4,2,4,,HW0000,
%AN0228,油烟风机A故障,2MKV50AN001AN05,"ON,,OFF,ON",1,4,2,2,,HW0000,
%AN0229,,,"ON,,OFF,ON",1,4,2,4,,HW0000,
%AN0230,,,"ON,,OFF,ON",1,4,2,4,,HW0000,
%AN0231,油烟风机B故障,2MKV50AN002AN05,"ON,,OFF,ON",1,4,2,2,,HW0000,
%AN0232,润滑油输送泵电控柜得电,2CSB01AN01,"ON,,OFF,ON",1,4,2,2,,HW0000,
%AN0233,,,"ON,,OFF,ON",1,4,2,4,,HW0000,
%AN0234,润滑油输送泵故障,2MKV60AP401AN05,"ON,,OFF,ON",1,4,2,2,,HW0000,
%AN0235,,,"ON,,OFF,ON",1,4,2,4,,HW0000,
%AN0236,油净化装置故障,2MKV10AT001AN05,"ON,,OFF,ON",1,4,2,2,,HW0000,
%AN0237,,,"ON,,OFF,ON",1,4,2,4,,HW0000,
%AN0238,,,"ON,,OFF,ON",1,4,2,4,,HW0000,
%AN0239,,,"ON,,OFF,ON",1,4,2,4,,HW0000,
%AN0240,电动滤水器旁路电动阀故障,2PCB01AA003AN05,"ON,,OFF,ON",1,4,2,2,,HW0000,
%AN0241,,,"ON,,OFF,ON",1,4,2,4,,HW0000,
%AN0242,,,"ON,,OFF,ON",1,4,2,4,,HW0000,
%AN0243,,,"ON,,OFF,ON",1,4,2,4,,HW0000,
%AN0244,电动滤水器排污电动阀故障,2PCB01AA401AN05,"ON,,OFF,ON",1,4,2,2,,HW0000,
%AN0245,,,"ON,,OFF,ON",1,4,2,4,,HW0000,
%AN0246,,,"ON,,OFF,ON",1,4,2,4,,HW0000,
%AN0247,,,"ON,,OFF,ON",1,4,2,4,,HW0000,
%AN0248,转子交换器A冷水进阀故障,2PCB11AA001AN05,"ON,,OFF,ON",1,4,2,2,,HW0000,
%AN0249,,,"ON,,OFF,ON",1,4,2,4,,HW0000,
%AN0250,,,"ON,,OFF,ON",1,4,2,4,,HW0000,
%AN0251,,,"ON,,OFF,ON",1,4,2,4,,HW0000,
%AN0252,转子交换器A冷水出阀故障,2PCB11AA002AN05,"ON,,OFF,ON",1,4,2,2,,HW0000,
%AN0253,,,"ON,,OFF,ON",1,4,2,4,,HW0000,
%AN0254,,,"ON,,OFF,ON",1,4,2,4,,HW0000,
%AN0255,,,"ON,,OFF,ON",1,4,2,4,,HW0000,
%AN0256,定子交换器A冷却进阀故障,2PCB21AA001AN05,"ON,,OFF,ON",1,4,2,2,,HW0000,
%AN0257,,,"ON,,OFF,ON",1,4,2,4,,HW0000,
%AN0258,,,"ON,,OFF,ON",1,4,2,4,,HW0000,
%AN0259,,,"ON,,OFF,ON",1,4,2,4,,HW0000,
%AN0260,定子交换器A冷水出阀故障,2PCB21AA002AN05,"ON,,OFF,ON",1,4,2,2,,HW0000,
%AN0261,,,"ON,,OFF,ON",1,4,2,4,,HW0000,
%AN0262,,,"ON,,OFF,ON",1,4,2,4,,HW0000,
%AN0263,,,"ON,,OFF,ON",1,4,2,4,,HW0000,
%AN0264,润滑交换器A冷水进阀故障,2PCB31AA001AN05,"ON,,OFF,ON",1,4,2,2,,HW0000,
%AN0265,,,"ON,,OFF,ON",1,4,2,4,,HW0000,
%AN0266,,,"ON,,OFF,ON",1,4,2,4,,HW0000,
%AN0267,,,"ON,,OFF,ON",1,4,2,4,,HW0000,
%AN0268,润滑交换器A冷水出阀故障,2PCB31AA002AN05,"ON,,OFF,ON",1,4,2,2,,HW0000,
%AN0269,,,"ON,,OFF,ON",1,4,2,4,,HW0000,
%AN0270,空冷器A冷却水回水阀故障,2PCB45AA101AN05,"ON,,OFF,ON",1,4,2,2,,HW0000,
%AN0271,,,"ON,,OFF,ON",1,4,2,4,,HW0000,
%AN0272,,,"ON,,OFF,ON",1,4,2,4,,HW0000,
%AN0273,,,"ON,,OFF,ON",1,4,2,4,,HW0000,
%AN0274,转子交换器B冷水进阀故障,2PCB12AA001AN05,"ON,,OFF,ON",1,4,2,2,,HW0000,
%AN0275,,,"ON,,OFF,ON",1,4,2,4,,HW0000,
%AN0276,,,"ON,,OFF,ON",1,4,2,4,,HW0000,
%AN0277,,,"ON,,OFF,ON",1,4,2,4,,HW0000,
%AN0278,转子交换器B冷水出阀故障,2PCB12AA002AN05,"ON,,OFF,ON",1,4,2,2,,HW0000,
%AN0279,,,"ON,,OFF,ON",1,4,2,4,,HW0000,
%AN0280,,,"ON,,OFF,ON",1,4,2,4,,HW0000,
%AN0281,,,"ON,,OFF,ON",1,4,2,4,,HW0000,
%AN0282,定子交换器B冷水进阀故障,2PCB22AA001AN05,"ON,,OFF,ON",1,4,2,2,,HW0000,
%AN0283,,,"ON,,OFF,ON",1,4,2,4,,HW0000,
%AN0284,,,"ON,,OFF,ON",1,4,2,4,,HW0000,
%AN0285,,,"ON,,OFF,ON",1,4,2,4,,HW0000,
%AN0286,定子交换器B冷水出阀故障,2PCB22AA002AN05,"ON,,OFF,ON",1,4,2,2,,HW0000,
%AN0287,,,"ON,,OFF,ON",1,4,2,4,,HW0000,
%AN0288,,,"ON,,OFF,ON",1,4,2,4,,HW0000,
%AN0289,,,"ON,,OFF,ON",1,4,2,4,,HW0000,
%AN0290,润滑交换器B冷水进阀故障,2PCB32AA001AN05,"ON,,OFF,ON",1,4,2,2,,HW0000,
%AN0291,,,"ON,,OFF,ON",1,4,2,4,,HW0000,
%AN0292,,,"ON,,OFF,ON",1,4,2,4,,HW0000,
%AN0293,,,"ON,,OFF,ON",1,4,2,4,,HW0000,
%AN0294,润滑交换器B冷水出阀故障,2PCB32AA002AN05,"ON,,OFF,ON",1,4,2,2,,HW0000,
%AN0295,,,"ON,,OFF,ON",1,4,2,4,,HW0000,
%AN0296,空冷器B冷却水回水阀故障,2PCB46AA101AN05,"ON,,OFF,ON",1,4,2,2,,HW0000,
%AN0297,润滑油箱电加热器1温高1,2MKV10AN001A,"ON,,OFF,ON",1,4,2,2,,HW0000,
%AN0298,润滑油箱电加热器2温高1,2MKV10AN002A,"ON,,OFF,ON",1,4,2,2,,HW0000,
%AN0299,润滑油箱电加热器3温高1,2MKV10AN003A,"ON,,OFF,ON",1,4,2,2,,HW0000,
%AN0300,润滑油箱电加热器4温高1,2MKV10AN004A,"ON,,OFF,ON",1,4,2,2,,HW0000,
%AN0301,交流润滑油泵A出口正常1,2MKV21AN001A,"ON,,OFF,ON",1,4,2,2,,HW0000,
%AN0302,交流润滑油泵B出口正常1,2MKV21AN002A,"ON,,OFF,ON",1,4,2,2,,HW0000,
%AN0303,润滑油过滤器差压高1,2MKV25AN001,"ON,,OFF,ON",1,4,2,2,,HW0000,
%AN0304,顶轴油交流油泵A入口高1,2MKV30AN001A,"ON,,OFF,ON",1,4,2,2,,HW0000,
%AN0305,顶轴油交流油泵B入口高1,2MKV30AN002A,"ON,,OFF,ON",1,4,2,2,,HW0000,
%AN0306,顶轴油直流油泵入口高1,2MKV30AN003A,"ON,,OFF,ON",1,4,2,2,,HW0000,
%AN0307,顶轴油交流油泵A出口正常1,2MKV30AN004A,"ON,,OFF,ON",1,4,2,2,,HW0000,
%AN0308,顶轴油交流油泵B出口正常1,2MKV30AN005A,"ON,,OFF,ON",1,4,2,2,,HW0000,
%AN0309,顶轴油直流油泵出口正常1,2MKV30AN006A,"ON,,OFF,ON",1,4,2,2,,HW0000,
%AN0310,顶轴油泵出口母管压力高1,2MKV30AN010A,"ON,,OFF,ON",1,4,2,2,,HW0000,
%AN0311,#2交流电控柜电源得电1,2CDP02AN01A,"ON,,OFF,ON",1,4,2,2,,HW0000,
%AN0312,,,"ON,,OFF,ON",1,4,2,4,,HW0000,
%AN0313,交流润滑油泵A故障1,2MKV21AP001AN05A,"ON,,OFF,ON",1,4,2,2,,HW0000,
%AN0314,泵A就地硬接线联锁已投入1,2MKV21AP001AN06A,"ON,,OFF,ON",1,4,2,2,,HW0000,
%AN0315,,,"ON,,OFF,ON",1,4,2,4,,HW0000,
%AN0316,交流顶轴油泵A故障1,2MKV30AP001AN05A,"ON,,OFF,ON",1,4,2,2,,HW0000,
%AN0317,,,"ON,,OFF,ON",1,4,2,4,,HW0000,
%AN0318,,,"ON,,OFF,ON",1,4,2,4,,HW0000,
%AN0319,,,"ON,,OFF,ON",1,4,2,4,,HW0000,
%AN0320,空冷器A冷却水进阀1故障,2PCB41AA001AN05,"ON,,OFF,ON",1,4,2,2,,HW0000,
%AN0321,,,"ON,,OFF,ON",1,4,2,4,,HW0000,
%AN0322,,,"ON,,OFF,ON",1,4,2,4,,HW0000,
%AN0323,,,"ON,,OFF,ON",1,4,2,4,,HW0000,
%AN0324,空冷器A冷却水出阀1故障,2PCB41AA002AN05,"ON,,OFF,ON",1,4,2,2,,HW0000,
%AN0325,,,"ON,,OFF,ON",1,4,2,4,,HW0000,
%AN0326,,,"ON,,OFF,ON",1,4,2,4,,HW0000,
%AN0327,,,"ON,,OFF,ON",1,4,2,4,,HW0000,
%AN0328,空冷器B冷却水进阀1故障,2PCB43AA001AN05,"ON,,OFF,ON",1,4,2,2,,HW0000,
%AN0329,,,"ON,,OFF,ON",1,4,2,4,,HW0000,
%AN0330,,,"ON,,OFF,ON",1,4,2,4,,HW0000,
%AN0331,,,"ON,,OFF,ON",1,4,2,4,,HW0000,
%AN0332,空冷器B冷却水出阀1故障,2PCB43AA002AN05,"ON,,OFF,ON",1,4,2,2,,HW0000,
%AN0333,外冷水配电柜#2交流投入,2CSE04CBA00AN001,"ON,,OFF,ON",1,4,2,2,,HW0000,
%AN0334,#2交流电控柜电源得电1,2CDP03AN01A,"ON,,OFF,ON",1,4,2,2,,HW0000,
%AN0335,,,"ON,,OFF,ON",1,4,2,4,,HW0000,
%AN0336,交流润滑油泵B故障1,2MKV21AP002AN05A,"ON,,OFF,ON",1,4,2,2,,HW0000,
%AN0337,泵B就地硬接线联锁已投入1,2MKV21AP002AN06A,"ON,,OFF,ON",1,4,2,2,,HW0000,
%AN0338,,,"ON,,OFF,ON",1,4,2,4,,HW0000,
%AN0339,交流顶轴油泵B故障1,2MKV30AP002AN05A,"ON,,OFF,ON",1,4,2,2,,HW0000,
%AN0340,直流润滑油泵电控柜得电1,2MKV21AP003AN11A,"ON,,OFF,ON",1,4,2,2,,HW0000,
%AN0341,,,"ON,,OFF,ON",1,4,2,4,,HW0000,
%AN0342,直流润滑油泵故障1,2MKV21AP003AN05A,"ON,,OFF,ON",1,4,2,2,,HW0000,
%AN0343,直流润滑油泵联锁投入1,2MKV21AP003AN12A,"ON,,OFF,ON",1,4,2,2,,HW0000,
%AN0344,直流顶轴油泵电控柜得电1,2MKV30AP003AN11A,"ON,,OFF,ON",1,4,2,2,,HW0000,
%AN0345,,,"ON,,OFF,ON",1,4,2,4,,HW0000,
%AN0346,顶轴油直流油泵故障1,2MKV30AP003AN05A,"ON,,OFF,ON",1,4,2,2,,HW0000,
%AN0347,直流顶轴油泵联锁投入1,2MKV30AP003AN12A,"ON,,OFF,ON",1,4,2,2,,HW0000,
%AN0348,直流润滑油泵出口正常1,2MKV21AN003A,"ON,,OFF,ON",1,4,2,2,,HW0000,
%AN0349,,,"ON,,OFF,ON",1,4,2,4,,HW0000,
%AN0350,,,"ON,,OFF,ON",1,4,2,4,,HW0000,
%AN0351,电动滤水器差压高,2PCB01CBA00AN003,"ON,,OFF,ON",1,4,2,2,,HW0000,
%AN0352,电动滤水器减速机故障,2PCB01CBA00AN004,"ON,,OFF,ON",1,4,2,2,,HW0000,
%AN0353,,,"ON,,OFF,ON",1,4,2,4,,HW0000,
%AN0354,,,"ON,,OFF,ON",1,4,2,4,,HW0000,
%AN0355,,,"ON,,OFF,ON",1,4,2,4,,HW0000,
%AN0356,转子交换器冷却水回阀故障,2PCB13AA101AN05,"ON,,OFF,ON",1,4,2,2,,HW0000,
%AN0357,,,"ON,,OFF,ON",1,4,2,4,,HW0000,
%AN0358,定子交换器冷却水回阀故障,2PCB23AA101AN05,"ON,,OFF,ON",1,4,2,2,,HW0000,
%AN0359,,,"ON,,OFF,ON",1,4,2,4,,HW0000,
%AN0360,润滑交换器冷却水回阀故障,2PCB33AA101AN05,"ON,,OFF,ON",1,4,2,2,,HW0000,
%AN0361,润滑油箱电加热器1温高2,2MKV10AN001B,"ON,,OFF,ON",1,4,2,2,,HW0000,
%AN0362,润滑油箱电加热器2温高2,2MKV10AN002B,"ON,,OFF,ON",1,4,2,2,,HW0000,
%AN0363,润滑油箱电加热器3温高2,2MKV10AN003B,"ON,,OFF,ON",1,4,2,2,,HW0000,
%AN0364,润滑油箱电加热器4温高2,2MKV10AN004B,"ON,,OFF,ON",1,4,2,2,,HW0000,
%AN0365,交流润滑油泵A出口正常2,2MKV21AN001B,"ON,,OFF,ON",1,4,2,2,,HW0000,
%AN0366,交流润滑油泵B出口正常2,2MKV21AN002B,"ON,,OFF,ON",1,4,2,2,,HW0000,
%AN0367,润滑油过滤器差压高2,2MKV25AN002,"ON,,OFF,ON",1,4,2,2,,HW0000,
%AN0368,顶轴油交流油泵A入口高2,2MKV30AN001B,"ON,,OFF,ON",1,4,2,2,,HW0000,
%AN0369,顶轴油交流油泵B入口高2,2MKV30AN002B,"ON,,OFF,ON",1,4,2,2,,HW0000,
%AN0370,顶轴油直流油泵入口高2,2MKV30AN003B,"ON,,OFF,ON",1,4,2,2,,HW0000,
%AN0371,顶轴油交流油泵A出口正常2,2MKV30AN004B,"ON,,OFF,ON",1,4,2,2,,HW0000,
%AN0372,顶轴油交流油泵B出口正常2,2MKV30AN005B,"ON,,OFF,ON",1,4,2,2,,HW0000,
%AN0373,顶轴油直流油泵出口正常2,2MKV30AN006B,"ON,,OFF,ON",1,4,2,2,,HW0000,
%AN0374,顶轴油泵出口母管压力高2,2MKV30AN010B,"ON,,OFF,ON",1,4,2,2,,HW0000,
%AN0375,#2交流电控柜电源得电2,2CDP02AN01B,"ON,,OFF,ON",1,4,2,2,,HW0000,
%AN0376,,,"ON,,OFF,ON",1,4,2,4,,HW0000,
%AN0377,交流润滑油泵A故障2,2MKV21AP001AN05B,"ON,,OFF,ON",1,4,2,2,,HW0000,
%AN0378,泵A就地硬接线联锁已投入2,2MKV21AP001AN06B,"ON,,OFF,ON",1,4,2,2,,HW0000,
%AN0379,,,"ON,,OFF,ON",1,4,2,4,,HW0000,
%AN0380,交流顶轴油泵A故障2,2MKV30AP001AN05B,"ON,,OFF,ON",1,4,2,2,,HW0000,
%AN0381,,,"ON,,OFF,ON",1,4,2,4,,HW0000,
%AN0382,,,"ON,,OFF,ON",1,4,2,4,,HW0000,
%AN0383,,,"ON,,OFF,ON",1,4,2,4,,HW0000,
%AN0384,空冷器A冷却水进阀2故障,2PCB42AA001AN05,"ON,,OFF,ON",1,4,2,2,,HW0000,
%AN0385,,,"ON,,OFF,ON",1,4,2,4,,HW0000,
%AN0386,,,"ON,,OFF,ON",1,4,2,4,,HW0000,
%AN0387,,,"ON,,OFF,ON",1,4,2,4,,HW0000,
%AN0388,空冷器A冷却水出阀2故障,2PCB42AA002AN05,"ON,,OFF,ON",1,4,2,2,,HW0000,
%AN0389,,,"ON,,OFF,ON",1,4,2,4,,HW0000,
%AN0390,,,"ON,,OFF,ON",1,4,2,4,,HW0000,
%AN0391,,,"ON,,OFF,ON",1,4,2,4,,HW0000,
%AN0392,空冷器B冷却水进阀2故障,2PCB44AA001AN05,"ON,,OFF,ON",1,4,2,2,,HW0000,
%AN0393,,,"ON,,OFF,ON",1,4,2,4,,HW0000,
%AN0394,,,"ON,,OFF,ON",1,4,2,4,,HW0000,
%AN0395,,,"ON,,OFF,ON",1,4,2,4,,HW0000,
%AN0396,空冷器B冷却水出阀2故障,2PCB44AA002AN05,"ON,,OFF,ON",1,4,2,2,,HW0000,
%AN0397,外冷水配电柜#2交流投入,2CSE04CBA00AN002,"ON,,OFF,ON",1,4,2,2,,HW0000,
%AN0398,#2交流电控柜电源得电2,2CDP03AN01B,"ON,,OFF,ON",1,4,2,2,,HW0000,
%AN0399,,,"ON,,OFF,ON",1,4,2,2,,HW0000,
%AN0400,交流润滑油泵B故障2,2MKV21AP002AN05B,"ON,,OFF,ON",1,4,2,4,,HW0000,
%AN0401,泵B就地硬接线联锁已投入2,2MKV21AP002AN06B,"ON,,OFF,ON",1,4,2,2,,HW0000,
%AN0402,,,"ON,,OFF,ON",1,4,2,4,,HW0000,
%AN0403,交流顶轴油泵B故障2,2MKV30AP002AN05B,"ON,,OFF,ON",1,4,2,2,,HW0000,
%AN0404,直流润滑油泵电控柜得电2,2MKV21AP003AN11B,"ON,,OFF,ON",1,4,2,2,,HW0000,
%AN0405,,,"ON,,OFF,ON",1,4,2,4,,HW0000,
%AN0406,,,"ON,,OFF,ON",1,4,2,4,,HW0000,
%AN0407,,,"ON,,OFF,ON",1,4,2,4,,HW0000,
%AN0408,直流润滑油泵故障2,2MKV21AP003AN05B,"ON,,OFF,ON",1,4,2,2,,HW0000,
%AN0409,直流润滑油泵联锁投入2,2MKV21AP003AN12B,"ON,,OFF,ON",1,4,2,2,,HW0000,
%AN0410,直流顶轴油泵电控柜得电2,2MKV30AP003AN11B,"ON,,OFF,ON",1,4,2,2,,HW0000,
%AN0411,,,"ON,,OFF,ON",1,4,2,4,,HW0000,
%AN0412,,,"ON,,OFF,ON",1,4,2,4,,HW0000,
%AN0413,,,"ON,,OFF,ON",1,4,2,4,,HW0000,
%AN0414,顶轴油直流油泵故障2,2MKV30AP003AN05B,"ON,,OFF,ON",1,4,2,2,,HW0000,
%AN0415,直流顶轴油泵联锁投入2,2MKV30AP003AN12B,"ON,,OFF,ON",1,4,2,2,,HW0000,
%AN0416,直流润滑油泵出口正常2,2MKV21AN003B,"ON,,OFF,ON",1,4,2,2,,HW0000,
%AN0417,,,"ON,,OFF,ON",1,4,2,4,,HW0000,
%AN0418,,,"ON,,OFF,ON",1,4,2,4,,HW0000,
%AN0419,,,"ON,,OFF,ON",1,4,2,4,,HW0000,
%AN0420,润滑油净化吸油口阀故障,2MKV10AA001AN05,"ON,,OFF,ON",1,4,2,2,,HW0000,
%AN0421,,,"ON,,OFF,ON",1,4,2,4,,HW0000,
%AN0422,,,"ON,,OFF,ON",1,4,2,4,,HW0000,
%AN0423,,,"ON,,OFF,ON",1,4,2,4,,HW0000,
%AN0424,润滑油净化进油口阀故障,2MKV10AA003AN05,"ON,,OFF,ON",1,4,2,2,,HW0000,
%AN0425,,,"ON,,OFF,ON",1,4,2,4,,HW0000,
%AN0426,,,"ON,,OFF,ON",1,4,2,4,,HW0000,
%AN0427,,,"ON,,OFF,ON",1,4,2,4,,HW0000,
%AN0428,润滑油泵进口电动阀故障,2MKV10AA401AN05,"ON,,OFF,ON",1,4,2,2,,HW0000,
%AN0429,,,"ON,,OFF,ON",1,4,2,4,,HW0000,
%AN0430,,,"ON,,OFF,ON",1,4,2,4,,HW0000,
%AN0431,,,"ON,,OFF,ON",1,4,2,4,,HW0000,
%AN0432,润滑油泵出口电动阀故障,2MKV10AA402AN05,"ON,,OFF,ON",1,4,2,2,,HW0000,
%AN0433,,,"ON,,OFF,ON",1,4,2,4,,HW0000,
%AN0434,,,"ON,,OFF,ON",1,4,2,4,,HW0000,
%AN0435,,,"ON,,OFF,ON",1,4,2,4,,HW0000,
%AN0436,润滑油净化出油口阀故障,2MKV11AA002AN05,"ON,,OFF,ON",1,4,2,2,,HW0000,
%AN0437,,,"ON,,OFF,ON",1,4,2,4,,HW0000,
%AN0438,,,"ON,,OFF,ON",1,4,2,4,,HW0000,
%AN0439,,,"ON,,OFF,ON",1,4,2,4,,HW0000,
%AN0440,润滑油净化回润滑箱故障,2MKV11AA003AN05,"ON,,OFF,ON",1,4,2,2,,HW0000,
%AN0441,,,"ON,,OFF,ON",1,4,2,4,,HW0000,
%AN0442,,,"ON,,OFF,ON",1,4,2,4,,HW0000,
%AN0443,,,"ON,,OFF,ON",1,4,2,4,,HW0000,
%AN0444,润滑油净化回贮油箱阀故障,2MKV12AA001AN05,"ON,,OFF,ON",1,4,2,2,,HW0000,
%AN0445,,,"ON,,OFF,ON",1,4,2,4,,HW0000,
%AN0446,,,"ON,,OFF,ON",1,4,2,4,,HW0000,
%AN0447,,,"ON,,OFF,ON",1,4,2,4,,HW0000,
%AN0448,贮油箱泵至油净化出阀故障,2MKV11AA011AN05,"ON,,OFF,ON",1,4,2,2,,HW0000,
%AN0449,,,"ON,,OFF,ON",1,4,2,4,,HW0000,
%AN0450,,,"ON,,OFF,ON",1,4,2,4,,HW0000,
%AN0451,,,"ON,,OFF,ON",1,4,2,4,,HW0000,
%AN0452,贮油箱泵至油净化入阀故障,2MKV11AA021AN05,"ON,,OFF,ON",1,4,2,2,,HW0000,
%AN0453,润滑油净化装置设备故障,2MKV20CBA00AN001,"ON,,OFF,ON",1,4,2,2,,HW0000,
%AN0454,润滑油净化装置设备正常,2MKV20CBA00AN002,"ON,,OFF,ON",1,4,2,2,,HW0000,
%AN0455,,,"ON,,OFF,ON",1,4,2,4,,HW0000,
%AN0456,,,"ON,,OFF,ON",1,4,2,4,,HW0000,
%AN0457,,,"ON,,OFF,ON",1,4,2,4,,HW0000,
%AN0458,,,"ON,,OFF,ON",1,4,2,4,,HW0000,
%AN0459,,,"ON,,OFF,ON",1,4,2,2,,HW0000,
%AN0460,,,"ON,,OFF,ON",1,4,2,2,,HW0000,
%AN0461,电动滤水器排污阀故障,2PCB01CBA00AN007,"ON,,OFF,ON",1,4,2,4,,HW0000,
%AN0462,,,"ON,,OFF,ON",1,4,2,2,,HW0000,
%AN0463,,,"ON,,OFF,ON",1,4,2,2,,HW0000,
%AN0464,,,"ON,,OFF,ON",1,4,2,2,,HW0000,
%AN0465,,,"ON,,OFF,ON",1,4,2,2,,HW0000,
%AN0466,,,"ON,,OFF,ON",1,4,2,2,,HW0000,
%AN0467,,,"ON,,OFF,ON",1,4,2,2,,HW0000,
%AN0468,,,"ON,,OFF,ON",1,4,2,2,,HW0000,
%AN0469,,,"ON,,OFF,ON",1,4,2,2,,HW0000,
%AN0470,,,"ON,,OFF,ON",1,4,2,2,,HW0000,
%AN0471,,,"ON,,OFF,ON",1,4,2,2,,HW0000,
%AN0472,,,"ON,,OFF,ON",1,4,2,2,,HW0000,
%AN0473,,,"ON,,OFF,ON",1,4,2,2,,HW0000,
%AN0474,,,"ON,,OFF,ON",1,4,2,2,,HW0000,
%AN0475,,,"ON,,OFF,ON",1,4,2,2,,HW0000,
%AN0476,,,"ON,,OFF,ON",1,4,2,2,,HW0000,
%AN0477,,,"ON,,OFF,ON",1,4,2,2,,HW0000,
%AN0478,,,"ON,,OFF,ON",1,4,2,2,,HW0000,
%AN0479,,,"ON,,OFF,ON",1,4,2,2,,HW0000,
%AN0480,,,"ON,,OFF,ON",1,4,2,2,,HW0000,
%AN0481,1#2交流电控柜得电不一致,2CDP02AN01,"ON,,OFF,ON",1,4,2,2,,HW0000,
%AN0482,,2MKV21AP001AN01,"ON,,OFF,ON",1,4,2,2,,HW0000,
%AN0483,,2MKV30AP001AN01,"ON,,OFF,ON",1,4,2,2,,HW0000,
%AN0484,1#2交流电控柜得电不一致,2CDP03AN01,"ON,,OFF,ON",1,4,2,2,,HW0000,
%AN0485,,2MKV21AP002AN01,"ON,,OFF,ON",1,4,2,2,,HW0000,
%AN0486,,2MKV30AP002AN01,"ON,,OFF,ON",1,4,2,2,,HW0000,
%AN0487,,2MKV21AP003AN01,"ON,,OFF,ON",1,4,2,2,,HW0000,
%AN0488,,2MKV30AP003AN01,"ON,,OFF,ON",1,4,2,2,,HW0000,
%AN0489,,2MKV21AP001AN02,"ON,,OFF,ON",1,4,2,2,,HW0000,
%AN0490,,2MKV30AP001AN02,"ON,,OFF,ON",1,4,2,2,,HW0000,
%AN0491,,2MKV21AP002AN02,"ON,,OFF,ON",1,4,2,2,,HW0000,
%AN0492,,2MKV30AP002AN02,"ON,,OFF,ON",1,4,2,2,,HW0000,
%AN0493,,2MKV21AP003AN02,"ON,,OFF,ON",1,4,2,2,,HW0000,
%AN0494,,2MKV30AP003AN02,"ON,,OFF,ON",1,4,2,2,,HW0000,
%AN0495,,,"ON,,OFF,ON",1,4,2,2,,HW0000,
%AN0496,,,"ON,,OFF,ON",1,4,2,2,,HW0000,
%AN0497,,,"ON,,OFF,ON",1,4,2,2,,HW0000,
%AN0498,,,"ON,,OFF,ON",1,4,2,2,,HW0000,
%AN0499,,,"ON,,OFF,ON",1,4,2,2,,HW0000,
%AN0500,,,"ON,,OFF,ON",1,4,2,2,,HW0000,
%AN0501,,2MKV30CP007AN,"ON,,OFF,ON",1,4,2,2,,HW0000,
%AN0502,,2MKV30CP008AN,"ON,,OFF,ON",1,4,2,2,,HW0000,
%AN0503,,2MKV30CP010AN,"ON,,OFF,ON",1,4,2,2,,HW0000,
%AN0504,,2MKV30CP004AN,"ON,,OFF,ON",1,4,2,2,,HW0000,
%AN0505,,2MKV30CP001AN,"ON,,OFF,ON",1,4,2,2,,HW0000,
%AN0506,,2MKV30CP005AN,"ON,,OFF,ON",1,4,2,2,,HW0000,
%AN0507,,2MKV30CP002AN,"ON,,OFF,ON",1,4,2,2,,HW0000,
%AN0508,,2MKV30CP006AN,"ON,,OFF,ON",1,4,2,2,,HW0000,
%AN0509,,2MKV30AP003AN05,"ON,,OFF,ON",1,4,2,2,,HW0000,
%AN0510,,2MKV30CP003AN,"ON,,OFF,ON",1,4,2,2,,HW0000,
%AN0511,,,"ON,,OFF,ON",1,4,2,2,,HW0000,
%AN0512,,2MKV30AP003AN04,"ON,,OFF,ON",1,4,2,2,,HW0000,
%AN0513,,,"ON,,OFF,ON",1,4,2,2,,HW0000,
%AN0514,,2MKV30AP001AN07,"ON,,OFF,ON",1,4,2,2,,HW0000,
%AN0515,,2MKV30AP001AN05,"ON,,OFF,ON",1,4,2,2,,HW0000,
%AN0516,,,"ON,,OFF,ON",1,4,2,2,,HW0000,
%AN0517,,2MKV30AP001AN04,"ON,,OFF,ON",1,4,2,2,,HW0000,
%AN0518,,,"ON,,OFF,ON",1,4,2,2,,HW0000,
%AN0519,,2MKV30AP002AN07,"ON,,OFF,ON",1,4,2,2,,HW0000,
%AN0520,,2MKV30AP002AN05,"ON,,OFF,ON",1,4,2,2,,HW0000,
%AN0521,,,"ON,,OFF,ON",1,4,2,2,,HW0000,
%AN0522,,2MKV30AP002AN04,"ON,,OFF,ON",1,4,2,2,,HW0000,
%AN0523,,,"ON,,OFF,ON",1,4,2,2,,HW0000,
%AN0524,,2MKV21CP001AN,"ON,,OFF,ON",1,4,2,2,,HW0000,
%AN0525,,2MKV21AP001AN07,"ON,,OFF,ON",1,4,2,2,,HW0000,
%AN0526,,2MKV21AP001AN05,"ON,,OFF,ON",1,4,2,2,,HW0000,
%AN0527,,2MKV21AP001AN06,"ON,,OFF,ON",1,4,2,2,,HW0000,
%AN0528,,,"ON,,OFF,ON",1,4,2,2,,HW0000,
%AN0529,,2MKV21AP001AN04,"ON,,OFF,ON",1,4,2,2,,HW0000,
%AN0530,,,"ON,,OFF,ON",1,4,2,2,,HW0000,
%AN0531,,2MKV21CP002AN,"ON,,OFF,ON",1,4,2,2,,HW0000,
%AN0532,,2MKV21AP002AN07,"ON,,OFF,ON",1,4,2,2,,HW0000,
%AN0533,,2MKV21AP002AN05,"ON,,OFF,ON",1,4,2,2,,HW0000,
%AN0534,,2MKV21AP002AN06,"ON,,OFF,ON",1,4,2,2,,HW0000,
%AN0535,,,"ON,,OFF,ON",1,4,2,2,,HW0000,
%AN0536,,2MKV21AP002AN04,"ON,,OFF,ON",1,4,2,2,,HW0000,
%AN0537,,,"ON,,OFF,ON",1,4,2,2,,HW0000,
%AN0538,,2MKV21CP004AN,"ON,,OFF,ON",1,4,2,2,,HW0000,
%AN0539,,2MKV26CP004AN,"ON,,OFF,ON",1,4,2,2,,HW0000,
%AN0540,,2MKV26CP001AN,"ON,,OFF,ON",1,4,2,2,,HW0000,
%AN0541,,2MKV25CP001AN,"ON,,OFF,ON",1,4,2,2,,HW0000,
%AN0542,,2MKV10CT001AN,"ON,,OFF,ON",1,4,2,2,,HW0000,
%AN0543,,2MKV10CT002AN,"ON,,OFF,ON",1,4,2,2,,HW0000,
%AN0544,,2MKV10CT003AN,"ON,,OFF,ON",1,4,2,2,,HW0000,
%AN0545,,2MKV10CT004AN,"ON,,OFF,ON",1,4,2,2,,HW0000,
%AN0546,,2CDP02AN01AN,"ON,,OFF,ON",1,4,2,2,,HW0000,
%AN0547,,2CDP03AN01AN,"ON,,OFF,ON",1,4,2,2,,HW0000,
%AN0548,,2MKV30AP003AN11,"ON,,OFF,ON",1,4,2,2,,HW0000,
%AN0549,,2MKV30AP003AN12,"ON,,OFF,ON",1,4,2,2,,HW0000,
%AN0550,,2MKV21CP003AN,"ON,,OFF,ON",1,4,2,2,,HW0000,
%AN0551,,2MKV21AP003AN11,"ON,,OFF,ON",1,4,2,2,,HW0000,
%AN0552,,2MKV21AP003AN05,"ON,,OFF,ON",1,4,2,2,,HW0000,
%AN0553,,2MKV21AP003AN12,"ON,,OFF,ON",1,4,2,2,,HW0000,
%AN0554,,,"ON,,OFF,ON",1,4,2,2,,HW0000,
%AN0555,,2MKV21AP003AN04,"ON,,OFF,ON",1,4,2,2,,HW0000,
%AN0556,,,"ON,,OFF,ON",1,4,2,2,,HW0000,
%AN0557,,,"ON,,OFF,ON",1,4,2,2,,HW0000,
%AN0558,,,"ON,,OFF,ON",1,4,2,2,,HW0000,
%AN0559,,,"ON,,OFF,ON",1,4,2,2,,HW0000,
%AN0560,,,"ON,,OFF,ON",1,4,2,2,,HW0000,
%AN0561,,,"ON,,OFF,ON",1,4,2,2,,HW0000,
%AN0562,,,"ON,,OFF,ON",1,4,2,2,,HW0000,
%AN0563,,,"ON,,OFF,ON",1,4,2,2,,HW0000,
%AN0564,,,"ON,,OFF,ON",1,4,2,2,,HW0000,
%AN0565,,,"ON,,OFF,ON",1,4,2,2,,HW0000,
%AN0566,,,"ON,,OFF,ON",1,4,2,2,,HW0000,
%AN0567,,,"ON,,OFF,ON",1,4,2,2,,HW0000,
%AN0568,,,"ON,,OFF,ON",1,4,2,2,,HW0000,
%AN0569,,,"ON,,OFF,ON",1,4,2,2,,HW0000,
%AN0570,,,"ON,,OFF,ON",1,4,2,2,,HW0000,
%AN0571,,,"ON,,OFF,ON",1,4,2,2,,HW0000,
%AN0572,,,"ON,,OFF,ON",1,4,2,2,,HW0000,
%AN0573,,,"ON,,OFF,ON",1,4,2,2,,HW0000,
%AN0574,,,"ON,,OFF,ON",1,4,2,2,,HW0000,
%AN0575,,,"ON,,OFF,ON",1,4,2,2,,HW0000,
%AN0576,,,"ON,,OFF,ON",1,4,2,2,,HW0000,
%AN0577,,,"ON,,OFF,ON",1,4,2,2,,HW0000,
%AN0578,,,"ON,,OFF,ON",1,4,2,2,,HW0000,
%AN0579,,,"ON,,OFF,ON",1,4,2,2,,HW0000,
%AN0580,,,"ON,,OFF,ON",1,4,2,2,,HW0000,
%AN0581,,,"ON,,OFF,ON",1,4,2,2,,HW0000,
%AN0582,,,"ON,,OFF,ON",1,4,2,2,,HW0000,
%AN0583,,,"ON,,OFF,ON",1,4,2,2,,HW0000,
%AN0584,,,"ON,,OFF,ON",1,4,2,2,,HW0000,
%AN0585,,,"ON,,OFF,ON",1,4,2,2,,HW0000,
%AN0586,,,"ON,,OFF,ON",1,4,2,2,,HW0000,
%AN0587,,,"ON,,OFF,ON",1,4,2,2,,HW0000,
%AN0588,,,"ON,,OFF,ON",1,4,2,2,,HW0000,
%AN0589,,,"ON,,OFF,ON",1,4,2,2,,HW0000,
%AN0590,,,"ON,,OFF,ON",1,4,2,2,,HW0000,
%AN0591,,,"ON,,OFF,ON",1,4,2,2,,HW0000,
%AN0592,,,"ON,,OFF,ON",1,4,2,2,,HW0000,
%AN0593,,,"ON,,OFF,ON",1,4,2,2,,HW0000,
%AN0594,,,"ON,,OFF,ON",1,4,2,2,,HW0000,
%AN0595,,,"ON,,OFF,ON",1,4,2,2,,HW0000,
%AN0596,,,"ON,,OFF,ON",1,4,2,2,,HW0000,
%AN0597,,,"ON,,OFF,ON",1,4,2,2,,HW0000,
%AN0598,,,"ON,,OFF,ON",1,4,2,2,,HW0000,
%AN0599,,,"ON,,OFF,ON",1,4,2,2,,HW0000,
%AN0600,,,"ON,,OFF,ON",1,4,2,2,,HW0000,
%AN0601,,,"ON,,OFF,ON",1,4,2,2,,HW0000,
%AN0602,,,"ON,,OFF,ON",1,4,2,2,,HW0000,
%AN0603,,,"ON,,OFF,ON",1,4,2,2,,HW0000,
%AN0604,,,"ON,,OFF,ON",1,4,2,2,,HW0000,
%AN0605,,,"ON,,OFF,ON",1,4,2,2,,HW0000,
%AN0606,,,"ON,,OFF,ON",1,4,2,2,,HW0000,
%AN0607,,,"ON,,OFF,ON",1,4,2,2,,HW0000,
%AN0608,,,"ON,,OFF,ON",1,4,2,2,,HW0000,
%AN0609,,,"ON,,OFF,ON",1,4,2,2,,HW0000,
%AN0610,,,"ON,,OFF,ON",1,4,2,2,,HW0000,
%AN0611,,,"ON,,OFF,ON",1,4,2,2,,HW0000,
%AN0612,,,"ON,,OFF,ON",1,4,2,2,,HW0000,
%AN0613,,,"ON,,OFF,ON",1,4,2,2,,HW0000,
%AN0614,,,"ON,,OFF,ON",1,4,2,2,,HW0000,
%AN0615,,,"ON,,OFF,ON",1,4,2,2,,HW0000,
%AN0616,,,"ON,,OFF,ON",1,4,2,2,,HW0000,
%AN0617,,,"ON,,OFF,ON",1,4,2,2,,HW0000,
%AN0618,,,"ON,,OFF,ON",1,4,2,2,,HW0000,
%AN0619,,,"ON,,OFF,ON",1,4,2,2,,HW0000,
%AN0620,,,"ON,,OFF,ON",1,4,2,2,,HW0000,
%AN0621,,,"ON,,OFF,ON",1,4,2,2,,HW0000,
%AN0622,,,"ON,,OFF,ON",1,4,2,2,,HW0000,
%AN0623,,,"ON,,OFF,ON",1,4,2,2,,HW0000,
%AN0624,,,"ON,,OFF,ON",1,4,2,2,,HW0000,
%AN0625,,,"ON,,OFF,ON",1,4,2,2,,HW0000,
%AN0626,,,"ON,,OFF,ON",1,4,2,2,,HW0000,
%AN0627,,,"ON,,OFF,ON",1,4,2,2,,HW0000,
%AN0628,,,"ON,,OFF,ON",1,4,2,2,,HW0000,
%AN0629,,,"ON,,OFF,ON",1,4,2,2,,HW0000,
%AN0630,,,"ON,,OFF,ON",1,4,2,2,,HW0000,
%AN0631,,,"ON,,OFF,ON",1,4,2,2,,HW0000,
%AN0632,,,"ON,,OFF,ON",1,4,2,2,,HW0000,
%AN0633,,,"ON,,OFF,ON",1,4,2,2,,HW0000,
%AN0634,,,"ON,,OFF,ON",1,4,2,2,,HW0000,
%AN0635,,,"ON,,OFF,ON",1,4,2,2,,HW0000,
%AN0636,,,"ON,,OFF,ON",1,4,2,2,,HW0000,
%AN0637,,,"ON,,OFF,ON",1,4,2,2,,HW0000,
%AN0638,,,"ON,,OFF,ON",1,4,2,2,,HW0000,
%AN0639,,,"ON,,OFF,ON",1,4,2,2,,HW0000,
%AN0640,,,"ON,,OFF,ON",1,4,2,2,,HW0000,
%AN0641,,,"ON,,OFF,ON",1,4,2,2,,HW0000,
%AN0642,,,"ON,,OFF,ON",1,4,2,2,,HW0000,
%AN0643,,,"ON,,OFF,ON",1,4,2,2,,HW0000,
%AN0644,,,"ON,,OFF,ON",1,4,2,2,,HW0000,
%AN0645,,,"ON,,OFF,ON",1,4,2,2,,HW0000,
%AN0646,,,"ON,,OFF,ON",1,4,2,2,,HW0000,
%AN0647,,,"ON,,OFF,ON",1,4,2,2,,HW0000,
%AN0648,,,"ON,,OFF,ON",1,4,2,2,,HW0000,
%AN0649,,,"ON,,OFF,ON",1,4,2,2,,HW0000,
%AN0650,,,"ON,,OFF,ON",1,4,2,2,,HW0000,
%AN0651,,,"ON,,OFF,ON",1,4,2,2,,HW0000,
%AN0652,,,"ON,,OFF,ON",1,4,2,2,,HW0000,
%AN0653,,,"ON,,OFF,ON",1,4,2,2,,HW0000,
%AN0654,,,"ON,,OFF,ON",1,4,2,2,,HW0000,
%AN0655,,,"ON,,OFF,ON",1,4,2,2,,HW0000,
%AN0656,,,"ON,,OFF,ON",1,4,2,2,,HW0000,
%AN0657,,,"ON,,OFF,ON",1,4,2,2,,HW0000,
%AN0658,,,"ON,,OFF,ON",1,4,2,2,,HW0000,
%AN0659,,,"ON,,OFF,ON",1,4,2,2,,HW0000,
%AN0660,,,"ON,,OFF,ON",1,4,2,2,,HW0000,
%AN0661,,,"ON,,OFF,ON",1,4,2,2,,HW0000,
%AN0662,,,"ON,,OFF,ON",1,4,2,2,,HW0000,
%AN0663,,,"ON,,OFF,ON",1,4,2,2,,HW0000,
%AN0664,,,"ON,,OFF,ON",1,4,2,2,,HW0000,
%AN0665,,,"ON,,OFF,ON",1,4,2,2,,HW0000,
%AN0666,,,"ON,,OFF,ON",1,4,2,2,,HW0000,
%AN0667,,,"ON,,OFF,ON",1,4,2,2,,HW0000,
%AN0668,,,"ON,,OFF,ON",1,4,2,2,,HW0000,
%AN0669,,,"ON,,OFF,ON",1,4,2,2,,HW0000,
%AN0670,,,"ON,,OFF,ON",1,4,2,2,,HW0000,
%AN0671,,,"ON,,OFF,ON",1,4,2,2,,HW0000,
%AN0672,,,"ON,,OFF,ON",1,4,2,2,,HW0000,
%AN0673,,,"ON,,OFF,ON",1,4,2,2,,HW0000,
%AN0674,,,"ON,,OFF,ON",1,4,2,2,,HW0000,
%AN0675,,,"ON,,OFF,ON",1,4,2,2,,HW0000,
%AN0676,,,"ON,,OFF,ON",1,4,2,2,,HW0000,
%AN0677,,,"ON,,OFF,ON",1,4,2,2,,HW0000,
%AN0678,,,"ON,,OFF,ON",1,4,2,2,,HW0000,
%AN0679,,,"ON,,OFF,ON",1,4,2,2,,HW0000,
%AN0680,,,"ON,,OFF,ON",1,4,2,2,,HW0000,
%AN0681,,,"ON,,OFF,ON",1,4,2,2,,HW0000,
%AN0682,,,"ON,,OFF,ON",1,4,2,2,,HW0000,
%AN0683,,,"ON,,OFF,ON",1,4,2,2,,HW0000,
%AN0684,,,"ON,,OFF,ON",1,4,2,2,,HW0000,
%AN0685,,,"ON,,OFF,ON",1,4,2,2,,HW0000,
%AN0686,,,"ON,,OFF,ON",1,4,2,2,,HW0000,
%AN0687,,,"ON,,OFF,ON",1,4,2,2,,HW0000,
%AN0688,,,"ON,,OFF,ON",1,4,2,2,,HW0000,
%AN0689,,,"ON,,OFF,ON",1,4,2,2,,HW0000,
%AN0690,,,"ON,,OFF,ON",1,4,2,2,,HW0000,
%AN0691,,,"ON,,OFF,ON",1,4,2,2,,HW0000,
%AN0692,,,"ON,,OFF,ON",1,4,2,2,,HW0000,
%AN0693,,,"ON,,OFF,ON",1,4,2,2,,HW0000,
%AN0694,,,"ON,,OFF,ON",1,4,2,2,,HW0000,
%AN0695,,,"ON,,OFF,ON",1,4,2,2,,HW0000,
%AN0696,,,"ON,,OFF,ON",1,4,2,2,,HW0000,
%AN0697,,,"ON,,OFF,ON",1,4,2,2,,HW0000,
%AN0698,,,"ON,,OFF,ON",1,4,2,2,,HW0000,
%AN0699,,,"ON,,OFF,ON",1,4,2,2,,HW0000,
%AN0700,,,"ON,,OFF,ON",1,4,2,2,,HW0000,
%AN0701,,,"ON,,OFF,ON",1,4,2,2,,HW0000,
%AN0702,,,"ON,,OFF,ON",1,4,2,2,,HW0000,
%AN0703,,,"ON,,OFF,ON",1,4,2,2,,HW0000,
%AN0704,,,"ON,,OFF,ON",1,4,2,2,,HW0000,
%AN0705,,,"ON,,OFF,ON",1,4,2,2,,HW0000,
%AN0706,,,"ON,,OFF,ON",1,4,2,2,,HW0000,
%AN0707,,,"ON,,OFF,ON",1,4,2,2,,HW0000,
%AN0708,,,"ON,,OFF,ON",1,4,2,2,,HW0000,
%AN0709,,,"ON,,OFF,ON",1,4,2,2,,HW0000,
%AN0710,,,"ON,,OFF,ON",1,4,2,2,,HW0000,
%AN0711,,,"ON,,OFF,ON",1,4,2,2,,HW0000,
%AN0712,,,"ON,,OFF,ON",1,4,2,2,,HW0000,
%AN0713,,,"ON,,OFF,ON",1,4,2,2,,HW0000,
%AN0714,,,"ON,,OFF,ON",1,4,2,2,,HW0000,
%AN0715,,,"ON,,OFF,ON",1,4,2,2,,HW0000,
%AN0716,,,"ON,,OFF,ON",1,4,2,2,,HW0000,
%AN0717,,,"ON,,OFF,ON",1,4,2,2,,HW0000,
%AN0718,,,"ON,,OFF,ON",1,4,2,2,,HW0000,
%AN0719,,,"ON,,OFF,ON",1,4,2,2,,HW0000,
%AN0720,,,"ON,,OFF,ON",1,4,2,2,,HW0000,
%AN0721,,,"ON,,OFF,ON",1,4,2,2,,HW0000,
%AN0722,,,"ON,,OFF,ON",1,4,2,2,,HW0000,
%AN0723,,,"ON,,OFF,ON",1,4,2,2,,HW0000,
%AN0724,,,"ON,,OFF,ON",1,4,2,2,,HW0000,
%AN0725,,,"ON,,OFF,ON",1,4,2,2,,HW0000,
%AN0726,,,"ON,,OFF,ON",1,4,2,2,,HW0000,
%AN0727,,,"ON,,OFF,ON",1,4,2,2,,HW0000,
%AN0728,,,"ON,,OFF,ON",1,4,2,2,,HW0000,
%AN0729,,,"ON,,OFF,ON",1,4,2,2,,HW0000,
%AN0730,,,"ON,,OFF,ON",1,4,2,2,,HW0000,
%AN0731,,,"ON,,OFF,ON",1,4,2,2,,HW0000,
%AN0732,,,"ON,,OFF,ON",1,4,2,2,,HW0000,
%AN0733,,,"ON,,OFF,ON",1,4,2,2,,HW0000,
%AN0734,,,"ON,,OFF,ON",1,4,2,2,,HW0000,
%AN0735,,,"ON,,OFF,ON",1,4,2,2,,HW0000,
%AN0736,,,"ON,,OFF,ON",1,4,2,2,,HW0000,
%AN0737,,,"ON,,OFF,ON",1,4,2,2,,HW0000,
%AN0738,,,"ON,,OFF,ON",1,4,2,2,,HW0000,
%AN0739,,,"ON,,OFF,ON",1,4,2,2,,HW0000,
%AN0740,,,"ON,,OFF,ON",1,4,2,2,,HW0000,
%AN0741,,,"ON,,OFF,ON",1,4,2,2,,HW0000,
%AN0742,,,"ON,,OFF,ON",1,4,2,2,,HW0000,
%AN0743,,,"ON,,OFF,ON",1,4,2,2,,HW0000,
%AN0744,,,"ON,,OFF,ON",1,4,2,2,,HW0000,
%AN0745,,,"ON,,OFF,ON",1,4,2,2,,HW0000,
%AN0746,,,"ON,,OFF,ON",1,4,2,2,,HW0000,
%AN0747,,,"ON,,OFF,ON",1,4,2,2,,HW0000,
%AN0748,,,"ON,,OFF,ON",1,4,2,2,,HW0000,
%AN0749,,,"ON,,OFF,ON",1,4,2,2,,HW0000,
%AN0750,,,"ON,,OFF,ON",1,4,2,2,,HW0000,
%AN0751,,,"ON,,OFF,ON",1,4,2,2,,HW0000,
%AN0752,,,"ON,,OFF,ON",1,4,2,2,,HW0000,
%AN0753,,,"ON,,OFF,ON",1,4,2,2,,HW0000,
%AN0754,,,"ON,,OFF,ON",1,4,2,2,,HW0000,
%AN0755,,,"ON,,OFF,ON",1,4,2,2,,HW0000,
%AN0756,,,"ON,,OFF,ON",1,4,2,2,,HW0000,
%AN0757,,,"ON,,OFF,ON",1,4,2,2,,HW0000,
%AN0758,,,"ON,,OFF,ON",1,4,2,2,,HW0000,
%AN0759,,,"ON,,OFF,ON",1,4,2,2,,HW0000,
%AN0760,,,"ON,,OFF,ON",1,4,2,2,,HW0000,
%AN0761,,,"ON,,OFF,ON",1,4,2,2,,HW0000,
%AN0762,,,"ON,,OFF,ON",1,4,2,2,,HW0000,
%AN0763,,,"ON,,OFF,ON",1,4,2,2,,HW0000,
%AN0764,,,"ON,,OFF,ON",1,4,2,2,,HW0000,
%AN0765,,,"ON,,OFF,ON",1,4,2,2,,HW0000,
%AN0766,,,"ON,,OFF,ON",1,4,2,2,,HW0000,
%AN0767,,,"ON,,OFF,ON",1,4,2,2,,HW0000,
%AN0768,,,"ON,,OFF,ON",1,4,2,2,,HW0000,
%AN0769,,,"ON,,OFF,ON",1,4,2,2,,HW0000,
%AN0770,,,"ON,,OFF,ON",1,4,2,2,,HW0000,
%AN0771,,,"ON,,OFF,ON",1,4,2,2,,HW0000,
%AN0772,,,"ON,,OFF,ON",1,4,2,2,,HW0000,
%AN0773,,,"ON,,OFF,ON",1,4,2,2,,HW0000,
%AN0774,,,"ON,,OFF,ON",1,4,2,2,,HW0000,
%AN0775,,,"ON,,OFF,ON",1,4,2,2,,HW0000,
%AN0776,,,"ON,,OFF,ON",1,4,2,2,,HW0000,
%AN0777,,,"ON,,OFF,ON",1,4,2,2,,HW0000,
%AN0778,,,"ON,,OFF,ON",1,4,2,2,,HW0000,
%AN0779,,,"ON,,OFF,ON",1,4,2,2,,HW0000,
%AN0780,,,"ON,,OFF,ON",1,4,2,2,,HW0000,
%AN0781,,,"ON,,OFF,ON",1,4,2,2,,HW0000,
%AN0782,,,"ON,,OFF,ON",1,4,2,2,,HW0000,
%AN0783,,,"ON,,OFF,ON",1,4,2,2,,HW0000,
%AN0784,,,"ON,,OFF,ON",1,4,2,2,,HW0000,
%AN0785,,,"ON,,OFF,ON",1,4,2,2,,HW0000,
%AN0786,,,"ON,,OFF,ON",1,4,2,2,,HW0000,
%AN0787,,,"ON,,OFF,ON",1,4,2,2,,HW0000,
%AN0788,,,"ON,,OFF,ON",1,4,2,2,,HW0000,
%AN0789,,,"ON,,OFF,ON",1,4,2,2,,HW0000,
%AN0790,,,"ON,,OFF,ON",1,4,2,2,,HW0000,
%AN0791,,,"ON,,OFF,ON",1,4,2,2,,HW0000,
%AN0792,,,"ON,,OFF,ON",1,4,2,2,,HW0000,
%AN0793,,,"ON,,OFF,ON",1,4,2,2,,HW0000,
%AN0794,,,"ON,,OFF,ON",1,4,2,2,,HW0000,
%AN0795,,,"ON,,OFF,ON",1,4,2,2,,HW0000,
%AN0796,,,"ON,,OFF,ON",1,4,2,2,,HW0000,
%AN0797,,,"ON,,OFF,ON",1,4,2,2,,HW0000,
%AN0798,,,"ON,,OFF,ON",1,4,2,2,,HW0000,
%AN0799,,,"ON,,OFF,ON",1,4,2,2,,HW0000,
%AN0800,,,"ON,,OFF,ON",1,4,2,2,,HW0000,
%AN0801,,,"ON,,OFF,ON",1,4,2,2,,HW0000,
%AN0802,,,"ON,,OFF,ON",1,4,2,2,,HW0000,
%AN0803,,,"ON,,OFF,ON",1,4,2,2,,HW0000,
%AN0804,,,"ON,,OFF,ON",1,4,2,2,,HW0000,
%AN0805,,,"ON,,OFF,ON",1,4,2,2,,HW0000,
%AN0806,,,"ON,,OFF,ON",1,4,2,2,,HW0000,
%AN0807,,,"ON,,OFF,ON",1,4,2,2,,HW0000,
%AN0808,,,"ON,,OFF,ON",1,4,2,2,,HW0000,
%AN0809,,,"ON,,OFF,ON",1,4,2,2,,HW0000,
%AN0810,,,"ON,,OFF,ON",1,4,2,2,,HW0000,
%AN0811,,,"ON,,OFF,ON",1,4,2,2,,HW0000,
%AN0812,,,"ON,,OFF,ON",1,4,2,2,,HW0000,
%AN0813,,,"ON,,OFF,ON",1,4,2,2,,HW0000,
%AN0814,,,"ON,,OFF,ON",1,4,2,2,,HW0000,
%AN0815,,,"ON,,OFF,ON",1,4,2,2,,HW0000,
%AN0816,,,"ON,,OFF,ON",1,4,2,2,,HW0000,
%AN0817,,,"ON,,OFF,ON",1,4,2,2,,HW0000,
%AN0818,,,"ON,,OFF,ON",1,4,2,2,,HW0000,
%AN0819,,,"ON,,OFF,ON",1,4,2,2,,HW0000,
%AN0820,,,"ON,,OFF,ON",1,4,2,2,,HW0000,
%AN0821,,,"ON,,OFF,ON",1,4,2,2,,HW0000,
%AN0822,,,"ON,,OFF,ON",1,4,2,2,,HW0000,
%AN0823,,,"ON,,OFF,ON",1,4,2,2,,HW0000,
%AN0824,,,"ON,,OFF,ON",1,4,2,2,,HW0000,
%AN0825,,,"ON,,OFF,ON",1,4,2,2,,HW0000,
%AN0826,,,"ON,,OFF,ON",1,4,2,2,,HW0000,
%AN0827,,,"ON,,OFF,ON",1,4,2,2,,HW0000,
%AN0828,,,"ON,,OFF,ON",1,4,2,2,,HW0000,
%AN0829,,,"ON,,OFF,ON",1,4,2,2,,HW0000,
%AN0830,,,"ON,,OFF,ON",1,4,2,2,,HW0000,
%AN0831,,,"ON,,OFF,ON",1,4,2,2,,HW0000,
%AN0832,,,"ON,,OFF,ON",1,4,2,2,,HW0000,
%AN0833,,,"ON,,OFF,ON",1,4,2,2,,HW0000,
%AN0834,,,"ON,,OFF,ON",1,4,2,2,,HW0000,
%AN0835,,,"ON,,OFF,ON",1,4,2,2,,HW0000,
%AN0836,,,"ON,,OFF,ON",1,4,2,2,,HW0000,
%AN0837,,,"ON,,OFF,ON",1,4,2,2,,HW0000,
%AN0838,,,"ON,,OFF,ON",1,4,2,2,,HW0000,
%AN0839,,,"ON,,OFF,ON",1,4,2,2,,HW0000,
%AN0840,,,"ON,,OFF,ON",1,4,2,2,,HW0000,
%AN0841,,,"ON,,OFF,ON",1,4,2,2,,HW0000,
%AN0842,,,"ON,,OFF,ON",1,4,2,2,,HW0000,
%AN0843,,,"ON,,OFF,ON",1,4,2,2,,HW0000,
%AN0844,,,"ON,,OFF,ON",1,4,2,2,,HW0000,
%AN0845,,,"ON,,OFF,ON",1,4,2,2,,HW0000,
%AN0846,,,"ON,,OFF,ON",1,4,2,2,,HW0000,
%AN0847,,,"ON,,OFF,ON",1,4,2,2,,HW0000,
%AN0848,,,"ON,,OFF,ON",1,4,2,2,,HW0000,
%AN0849,,,"ON,,OFF,ON",1,4,2,2,,HW0000,
%AN0850,,,"ON,,OFF,ON",1,4,2,2,,HW0000,
%AN0851,,,"ON,,OFF,ON",1,4,2,2,,HW0000,
%AN0852,,,"ON,,OFF,ON",1,4,2,2,,HW0000,
%AN0853,,,"ON,,OFF,ON",1,4,2,2,,HW0000,
%AN0854,,,"ON,,OFF,ON",1,4,2,2,,HW0000,
%AN0855,,,"ON,,OFF,ON",1,4,2,2,,HW0000,
%AN0856,,,"ON,,OFF,ON",1,4,2,2,,HW0000,
%AN0857,,,"ON,,OFF,ON",1,4,2,2,,HW0000,
%AN0858,,,"ON,,OFF,ON",1,4,2,2,,HW0000,
%AN0859,,,"ON,,OFF,ON",1,4,2,2,,HW0000,
%AN0860,,,"ON,,OFF,ON",1,4,2,2,,HW0000,
%AN0861,,,"ON,,OFF,ON",1,4,2,2,,HW0000,
%AN0862,,,"ON,,OFF,ON",1,4,2,2,,HW0000,
%AN0863,,,"ON,,OFF,ON",1,4,2,2,,HW0000,
%AN0864,,,"ON,,OFF,ON",1,4,2,2,,HW0000,
%AN0865,,,"ON,,OFF,ON",1,4,2,2,,HW0000,
%AN0866,,,"ON,,OFF,ON",1,4,2,2,,HW0000,
%AN0867,,,"ON,,OFF,ON",1,4,2,2,,HW0000,
%AN0868,,,"ON,,OFF,ON",1,4,2,2,,HW0000,
%AN0869,,,"ON,,OFF,ON",1,4,2,2,,HW0000,
%AN0870,,,"ON,,OFF,ON",1,4,2,2,,HW0000,
%AN0871,,,"ON,,OFF,ON",1,4,2,2,,HW0000,
%AN0872,,,"ON,,OFF,ON",1,4,2,2,,HW0000,
%AN0873,,,"ON,,OFF,ON",1,4,2,2,,HW0000,
%AN0874,,,"ON,,OFF,ON",1,4,2,2,,HW0000,
%AN0875,,,"ON,,OFF,ON",1,4,2,2,,HW0000,
%AN0876,,,"ON,,OFF,ON",1,4,2,2,,HW0000,
%AN0877,,,"ON,,OFF,ON",1,4,2,2,,HW0000,
%AN0878,,,"ON,,OFF,ON",1,4,2,2,,HW0000,
%AN0879,,,"ON,,OFF,ON",1,4,2,2,,HW0000,
%AN0880,,,"ON,,OFF,ON",1,4,2,2,,HW0000,
%AN0881,,,"ON,,OFF,ON",1,4,2,2,,HW0000,
%AN0882,,,"ON,,OFF,ON",1,4,2,2,,HW0000,
%AN0883,,,"ON,,OFF,ON",1,4,2,2,,HW0000,
%AN0884,,,"ON,,OFF,ON",1,4,2,2,,HW0000,
%AN0885,,,"ON,,OFF,ON",1,4,2,2,,HW0000,
%AN0886,,,"ON,,OFF,ON",1,4,2,2,,HW0000,
%AN0887,,,"ON,,OFF,ON",1,4,2,2,,HW0000,
%AN0888,,,"ON,,OFF,ON",1,4,2,2,,HW0000,
%AN0889,,,"ON,,OFF,ON",1,4,2,2,,HW0000,
%AN0890,,,"ON,,OFF,ON",1,4,2,2,,HW0000,
%AN0891,,,"ON,,OFF,ON",1,4,2,2,,HW0000,
%AN0892,,,"ON,,OFF,ON",1,4,2,2,,HW0000,
%AN0893,,,"ON,,OFF,ON",1,4,2,2,,HW0000,
%AN0894,,,"ON,,OFF,ON",1,4,2,2,,HW0000,
%AN0895,,,"ON,,OFF,ON",1,4,2,2,,HW0000,
%AN0896,,,"ON,,OFF,ON",1,4,2,2,,HW0000,
%AN0897,,,"ON,,OFF,ON",1,4,2,2,,HW0000,
%AN0898,,,"ON,,OFF,ON",1,4,2,2,,HW0000,
%AN0899,,,"ON,,OFF,ON",1,4,2,2,,HW0000,
%AN0900,,,"ON,,OFF,ON",1,4,2,2,,HW0000,
%AN0901,,,"ON,,OFF,ON",1,4,2,2,,HW0000,
%AN0902,,,"ON,,OFF,ON",1,4,2,2,,HW0000,
%AN0903,,,"ON,,OFF,ON",1,4,2,2,,HW0000,
%AN0904,,,"ON,,OFF,ON",1,4,2,2,,HW0000,
%AN0905,,,"ON,,OFF,ON",1,4,2,2,,HW0000,
%AN0906,,,"ON,,OFF,ON",1,4,2,2,,HW0000,
%AN0907,,,"ON,,OFF,ON",1,4,2,2,,HW0000,
%AN0908,,,"ON,,OFF,ON",1,4,2,2,,HW0000,
%AN0909,,,"ON,,OFF,ON",1,4,2,2,,HW0000,
%AN0910,,,"ON,,OFF,ON",1,4,2,2,,HW0000,
%AN0911,,,"ON,,OFF,ON",1,4,2,2,,HW0000,
%AN0912,,,"ON,,OFF,ON",1,4,2,2,,HW0000,
%AN0913,,,"ON,,OFF,ON",1,4,2,2,,HW0000,
%AN0914,,,"ON,,OFF,ON",1,4,2,2,,HW0000,
%AN0915,,,"ON,,OFF,ON",1,4,2,2,,HW0000,
%AN0916,,,"ON,,OFF,ON",1,4,2,2,,HW0000,
%AN0917,,,"ON,,OFF,ON",1,4,2,2,,HW0000,
%AN0918,,,"ON,,OFF,ON",1,4,2,2,,HW0000,
%AN0919,,,"ON,,OFF,ON",1,4,2,2,,HW0000,
%AN0920,,,"ON,,OFF,ON",1,4,2,2,,HW0000,
%AN0921,,,"ON,,OFF,ON",1,4,2,2,,HW0000,
%AN0922,,,"ON,,OFF,ON",1,4,2,2,,HW0000,
%AN0923,,,"ON,,OFF,ON",1,4,2,2,,HW0000,
%AN0924,,,"ON,,OFF,ON",1,4,2,2,,HW0000,
%AN0925,,,"ON,,OFF,ON",1,4,2,2,,HW0000,
%AN0926,,,"ON,,OFF,ON",1,4,2,2,,HW0000,
%AN0927,,,"ON,,OFF,ON",1,4,2,2,,HW0000,
%AN0928,,,"ON,,OFF,ON",1,4,2,2,,HW0000,
%AN0929,,,"ON,,OFF,ON",1,4,2,2,,HW0000,
%AN0930,,,"ON,,OFF,ON",1,4,2,2,,HW0000,
%AN0931,,,"ON,,OFF,ON",1,4,2,2,,HW0000,
%AN0932,,,"ON,,OFF,ON",1,4,2,2,,HW0000,
%AN0933,,,"ON,,OFF,ON",1,4,2,2,,HW0000,
%AN0934,,,"ON,,OFF,ON",1,4,2,2,,HW0000,
%AN0935,,,"ON,,OFF,ON",1,4,2,2,,HW0000,
%AN0936,,,"ON,,OFF,ON",1,4,2,2,,HW0000,
%AN0937,,,"ON,,OFF,ON",1,4,2,2,,HW0000,
%AN0938,,,"ON,,OFF,ON",1,4,2,2,,HW0000,
%AN0939,,,"ON,,OFF,ON",1,4,2,2,,HW0000,
%AN0940,,,"ON,,OFF,ON",1,4,2,2,,HW0000,
%AN0941,,,"ON,,OFF,ON",1,4,2,2,,HW0000,
%AN0942,,,"ON,,OFF,ON",1,4,2,2,,HW0000,
%AN0943,,,"ON,,OFF,ON",1,4,2,2,,HW0000,
%AN0944,,,"ON,,OFF,ON",1,4,2,2,,HW0000,
%AN0945,,,"ON,,OFF,ON",1,4,2,2,,HW0000,
%AN0946,,,"ON,,OFF,ON",1,4,2,2,,HW0000,
%AN0947,,,"ON,,OFF,ON",1,4,2,2,,HW0000,
%AN0948,,,"ON,,OFF,ON",1,4,2,2,,HW0000,
%AN0949,,,"ON,,OFF,ON",1,4,2,2,,HW0000,
%AN0950,,,"ON,,OFF,ON",1,4,2,2,,HW0000,
%AN0951,,,"ON,,OFF,ON",1,4,2,2,,HW0000,
%AN0952,,,"ON,,OFF,ON",1,4,2,2,,HW0000,
%AN0953,,,"ON,,OFF,ON",1,4,2,2,,HW0000,
%AN0954,,,"ON,,OFF,ON",1,4,2,2,,HW0000,
%AN0955,,,"ON,,OFF,ON",1,4,2,2,,HW0000,
%AN0956,,,"ON,,OFF,ON",1,4,2,2,,HW0000,
%AN0957,,,"ON,,OFF,ON",1,4,2,2,,HW0000,
%AN0958,,,"ON,,OFF,ON",1,4,2,2,,HW0000,
%AN0959,,,"ON,,OFF,ON",1,4,2,2,,HW0000,
%AN0960,,,"ON,,OFF,ON",1,4,2,2,,HW0000,
%AN0961,,,"ON,,OFF,ON",1,4,2,2,,HW0000,
%AN0962,,,"ON,,OFF,ON",1,4,2,2,,HW0000,
%AN0963,,,"ON,,OFF,ON",1,4,2,2,,HW0000,
%AN0964,,,"ON,,OFF,ON",1,4,2,2,,HW0000,
%AN0965,,,"ON,,OFF,ON",1,4,2,2,,HW0000,
%AN0966,,,"ON,,OFF,ON",1,4,2,2,,HW0000,
%AN0967,,,"ON,,OFF,ON",1,4,2,2,,HW0000,
%AN0968,,,"ON,,OFF,ON",1,4,2,2,,HW0000,
%AN0969,,,"ON,,OFF,ON",1,4,2,2,,HW0000,
%AN0970,,,"ON,,OFF,ON",1,4,2,2,,HW0000,
%AN0971,,,"ON,,OFF,ON",1,4,2,2,,HW0000,
%AN0972,,,"ON,,OFF,ON",1,4,2,2,,HW0000,
%AN0973,,,"ON,,OFF,ON",1,4,2,2,,HW0000,
%AN0974,,,"ON,,OFF,ON",1,4,2,2,,HW0000,
%AN0975,,,"ON,,OFF,ON",1,4,2,2,,HW0000,
%AN0976,,,"ON,,OFF,ON",1,4,2,2,,HW0000,
%AN0977,,,"ON,,OFF,ON",1,4,2,2,,HW0000,
%AN0978,,,"ON,,OFF,ON",1,4,2,2,,HW0000,
%AN0979,,,"ON,,OFF,ON",1,4,2,2,,HW0000,
%AN0980,,,"ON,,OFF,ON",1,4,2,2,,HW0000,
%AN0981,,,"ON,,OFF,ON",1,4,2,2,,HW0000,
%AN0982,,,"ON,,OFF,ON",1,4,2,2,,HW0000,
%AN0983,,,"ON,,OFF,ON",1,4,2,2,,HW0000,
%AN0984,,,"ON,,OFF,ON",1,4,2,2,,HW0000,
%AN0985,,,"ON,,OFF,ON",1,4,2,2,,HW0000,
%AN0986,,,"ON,,OFF,ON",1,4,2,2,,HW0000,
%AN0987,,,"ON,,OFF,ON",1,4,2,2,,HW0000,
%AN0988,,,"ON,,OFF,ON",1,4,2,2,,HW0000,
%AN0989,,,"ON,,OFF,ON",1,4,2,2,,HW0000,
%AN0990,,,"ON,,OFF,ON",1,4,2,2,,HW0000,
%AN0991,,,"ON,,OFF,ON",1,4,2,2,,HW0000,
%AN0992,,,"ON,,OFF,ON",1,4,2,2,,HW0000,
%AN0993,,,"ON,,OFF,ON",1,4,2,2,,HW0000,
%AN0994,,,"ON,,OFF,ON",1,4,2,2,,HW0000,
%AN0995,,,"ON,,OFF,ON",1,4,2,2,,HW0000,
%AN0996,,,"ON,,OFF,ON",1,4,2,2,,HW0000,
%AN0997,,,"ON,,OFF,ON",1,4,2,2,,HW0000,
%AN0998,,,"ON,,OFF,ON",1,4,2,2,,HW0000,
%AN0999,,,"ON,,OFF,ON",1,4,2,2,,HW0000,
%AN1000,,,"ON,,OFF,ON",1,4,2,2,,HW0000,
%AN1001,,,"ON,,OFF,ON",1,4,2,2,,HW0000,
%AN1002,,,"ON,,OFF,ON",1,4,2,2,,HW0000,
%AN1003,,,"ON,,OFF,ON",1,4,2,2,,HW0000,
%AN1004,,,"ON,,OFF,ON",1,4,2,2,,HW0000,
%AN1005,,,"ON,,OFF,ON",1,4,2,2,,HW0000,
%AN1006,,,"ON,,OFF,ON",1,4,2,2,,HW0000,
%AN1007,,,"ON,,OFF,ON",1,4,2,2,,HW0000,
%AN1008,,,"ON,,OFF,ON",1,4,2,2,,HW0000,
%AN1009,,,"ON,,OFF,ON",1,4,2,2,,HW0000,
%AN1010,,,"ON,,OFF,ON",1,4,2,2,,HW0000,
%AN1011,,,"ON,,OFF,ON",1,4,2,2,,HW0000,
%AN1012,,,"ON,,OFF,ON",1,4,2,2,,HW0000,
%AN1013,,,"ON,,OFF,ON",1,4,2,2,,HW0000,
%AN1014,,,"ON,,OFF,ON",1,4,2,2,,HW0000,
%AN1015,,,"ON,,OFF,ON",1,4,2,2,,HW0000,
%AN1016,,,"ON,,OFF,ON",1,4,2,2,,HW0000,
%AN1017,,,"ON,,OFF,ON",1,4,2,2,,HW0000,
%AN1018,,,"ON,,OFF,ON",1,4,2,2,,HW0000,
%AN1019,,,"ON,,OFF,ON",1,4,2,2,,HW0000,
%AN1020,,,"ON,,OFF,ON",1,4,2,2,,HW0000,
%AN1021,,,"ON,,OFF,ON",1,4,2,2,,HW0000,
%AN1022,,,"ON,,OFF,ON",1,4,2,2,,HW0000,
%AN1023,,,"ON,,OFF,ON",1,4,2,2,,HW0000,
%AN1024,,,"ON,,OFF,ON",1,4,2,2,,HW0000,
%AN1025,,,"ON,,OFF,ON",1,4,2,2,,HW0000,
%AN1026,,,"ON,,OFF,ON",1,4,2,2,,HW0000,
%AN1027,,,"ON,,OFF,ON",1,4,2,2,,HW0000,
%AN1028,,,"ON,,OFF,ON",1,4,2,2,,HW0000,
%AN1029,,,"ON,,OFF,ON",1,4,2,2,,HW0000,
%AN1030,,,"ON,,OFF,ON",1,4,2,2,,HW0000,
%AN1031,,,"ON,,OFF,ON",1,4,2,2,,HW0000,
%AN1032,,,"ON,,OFF,ON",1,4,2,2,,HW0000,
%AN1033,,,"ON,,OFF,ON",1,4,2,2,,HW0000,
%AN1034,,,"ON,,OFF,ON",1,4,2,2,,HW0000,
%AN1035,,,"ON,,OFF,ON",1,4,2,2,,HW0000,
%AN1036,,,"ON,,OFF,ON",1,4,2,2,,HW0000,
%AN1037,,,"ON,,OFF,ON",1,4,2,2,,HW0000,
%AN1038,,,"ON,,OFF,ON",1,4,2,2,,HW0000,
%AN1039,,,"ON,,OFF,ON",1,4,2,2,,HW0000,
%AN1040,,,"ON,,OFF,ON",1,4,2,2,,HW0000,
%AN1041,,,"ON,,OFF,ON",1,4,2,2,,HW0000,
%AN1042,,,"ON,,OFF,ON",1,4,2,2,,HW0000,
%AN1043,,,"ON,,OFF,ON",1,4,2,2,,HW0000,
%AN1044,,,"ON,,OFF,ON",1,4,2,2,,HW0000,
%AN1045,,,"ON,,OFF,ON",1,4,2,2,,HW0000,
%AN1046,,,"ON,,OFF,ON",1,4,2,2,,HW0000,
%AN1047,,,"ON,,OFF,ON",1,4,2,2,,HW0000,
%AN1048,,,"ON,,OFF,ON",1,4,2,2,,HW0000,
%AN1049,,,"ON,,OFF,ON",1,4,2,2,,HW0000,
%AN1050,,,"ON,,OFF,ON",1,4,2,2,,HW0000,
%AN1051,,,"ON,,OFF,ON",1,4,2,2,,HW0000,
%AN1052,,,"ON,,OFF,ON",1,4,2,2,,HW0000,
%AN1053,,,"ON,,OFF,ON",1,4,2,2,,HW0000,
%AN1054,,,"ON,,OFF,ON",1,4,2,2,,HW0000,
%AN1055,,,"ON,,OFF,ON",1,4,2,2,,HW0000,
%AN1056,,,"ON,,OFF,ON",1,4,2,2,,HW0000,
%AN1057,,,"ON,,OFF,ON",1,4,2,2,,HW0000,
%AN1058,,,"ON,,OFF,ON",1,4,2,2,,HW0000,
%AN1059,,,"ON,,OFF,ON",1,4,2,2,,HW0000,
%AN1060,,,"ON,,OFF,ON",1,4,2,2,,HW0000,
%AN1061,,,"ON,,OFF,ON",1,4,2,2,,HW0000,
%AN1062,,,"ON,,OFF,ON",1,4,2,2,,HW0000,
%AN1063,,,"ON,,OFF,ON",1,4,2,2,,HW0000,
%AN1064,,,"ON,,OFF,ON",1,4,2,2,,HW0000,
%AN1065,,,"ON,,OFF,ON",1,4,2,2,,HW0000,
%AN1066,,,"ON,,OFF,ON",1,4,2,2,,HW0000,
%AN1067,,,"ON,,OFF,ON",1,4,2,2,,HW0000,
%AN1068,,,"ON,,OFF,ON",1,4,2,2,,HW0000,
%AN1069,,,"ON,,OFF,ON",1,4,2,2,,HW0000,
%AN1070,,,"ON,,OFF,ON",1,4,2,2,,HW0000,
%AN1071,,,"ON,,OFF,ON",1,4,2,2,,HW0000,
%AN1072,,,"ON,,OFF,ON",1,4,2,2,,HW0000,
%AN1073,,,"ON,,OFF,ON",1,4,2,2,,HW0000,
%AN1074,,,"ON,,OFF,ON",1,4,2,2,,HW0000,
%AN1075,,,"ON,,OFF,ON",1,4,2,2,,HW0000,
%AN1076,,,"ON,,OFF,ON",1,4,2,2,,HW0000,
%AN1077,,,"ON,,OFF,ON",1,4,2,2,,HW0000,
%AN1078,,,"ON,,OFF,ON",1,4,2,2,,HW0000,
%AN1079,,,"ON,,OFF,ON",1,4,2,2,,HW0000,
%AN1080,,,"ON,,OFF,ON",1,4,2,2,,HW0000,
%AN1081,,,"ON,,OFF,ON",1,4,2,2,,HW0000,
%AN1082,,,"ON,,OFF,ON",1,4,2,2,,HW0000,
%AN1083,,,"ON,,OFF,ON",1,4,2,2,,HW0000,
%AN1084,,,"ON,,OFF,ON",1,4,2,2,,HW0000,
%AN1085,,,"ON,,OFF,ON",1,4,2,2,,HW0000,
%AN1086,,,"ON,,OFF,ON",1,4,2,2,,HW0000,
%AN1087,,,"ON,,OFF,ON",1,4,2,2,,HW0000,
%AN1088,,,"ON,,OFF,ON",1,4,2,2,,HW0000,
%AN1089,,,"ON,,OFF,ON",1,4,2,2,,HW0000,
%AN1090,,,"ON,,OFF,ON",1,4,2,2,,HW0000,
%AN1091,,,"ON,,OFF,ON",1,4,2,2,,HW0000,
%AN1092,,,"ON,,OFF,ON",1,4,2,2,,HW0000,
%AN1093,,,"ON,,OFF,ON",1,4,2,2,,HW0000,
%AN1094,,,"ON,,OFF,ON",1,4,2,2,,HW0000,
%AN1095,,,"ON,,OFF,ON",1,4,2,2,,HW0000,
%AN1096,,,"ON,,OFF,ON",1,4,2,2,,HW0000,
%AN1097,,,"ON,,OFF,ON",1,4,2,2,,HW0000,
%AN1098,,,"ON,,OFF,ON",1,4,2,2,,HW0000,
%AN1099,,,"ON,,OFF,ON",1,4,2,2,,HW0000,
%AN1100,,,"ON,,OFF,ON",1,4,2,2,,HW0000,
%AN1101,,,"ON,,OFF,ON",1,4,2,2,,HW0000,
%AN1102,,,"ON,,OFF,ON",1,4,2,2,,HW0000,
%AN1103,,,"ON,,OFF,ON",1,4,2,2,,HW0000,
%AN1104,,,"ON,,OFF,ON",1,4,2,2,,HW0000,
%AN1105,,,"ON,,OFF,ON",1,4,2,2,,HW0000,
%AN1106,,,"ON,,OFF,ON",1,4,2,2,,HW0000,
%AN1107,,,"ON,,OFF,ON",1,4,2,2,,HW0000,
%AN1108,,,"ON,,OFF,ON",1,4,2,2,,HW0000,
%AN1109,,,"ON,,OFF,ON",1,4,2,2,,HW0000,
%AN1110,,,"ON,,OFF,ON",1,4,2,2,,HW0000,
%AN1111,,,"ON,,OFF,ON",1,4,2,2,,HW0000,
%AN1112,,,"ON,,OFF,ON",1,4,2,2,,HW0000,
%AN1113,,,"ON,,OFF,ON",1,4,2,2,,HW0000,
%AN1114,,,"ON,,OFF,ON",1,4,2,2,,HW0000,
%AN1115,,,"ON,,OFF,ON",1,4,2,2,,HW0000,
%AN1116,,,"ON,,OFF,ON",1,4,2,2,,HW0000,
%AN1117,,,"ON,,OFF,ON",1,4,2,2,,HW0000,
%AN1118,,,"ON,,OFF,ON",1,4,2,2,,HW0000,
%AN1119,,,"ON,,OFF,ON",1,4,2,2,,HW0000,
%AN1120,,,"ON,,OFF,ON",1,4,2,2,,HW0000,
%AN1121,,,"ON,,OFF,ON",1,4,2,2,,HW0000,
%AN1122,,,"ON,,OFF,ON",1,4,2,2,,HW0000,
%AN1123,,,"ON,,OFF,ON",1,4,2,2,,HW0000,
%AN1124,,,"ON,,OFF,ON",1,4,2,2,,HW0000,
%AN1125,,,"ON,,OFF,ON",1,4,2,2,,HW0000,
%AN1126,,,"ON,,OFF,ON",1,4,2,2,,HW0000,
%AN1127,,,"ON,,OFF,ON",1,4,2,2,,HW0000,
%AN1128,,,"ON,,OFF,ON",1,4,2,2,,HW0000,
%AN1129,,,"ON,,OFF,ON",1,4,2,2,,HW0000,
%AN1130,,,"ON,,OFF,ON",1,4,2,2,,HW0000,
%AN1131,,,"ON,,OFF,ON",1,4,2,2,,HW0000,
%AN1132,,,"ON,,OFF,ON",1,4,2,2,,HW0000,
%AN1133,,,"ON,,OFF,ON",1,4,2,2,,HW0000,
%AN1134,,,"ON,,OFF,ON",1,4,2,2,,HW0000,
%AN1135,,,"ON,,OFF,ON",1,4,2,2,,HW0000,
%AN1136,,,"ON,,OFF,ON",1,4,2,2,,HW0000,
%AN1137,,,"ON,,OFF,ON",1,4,2,2,,HW0000,
%AN1138,,,"ON,,OFF,ON",1,4,2,2,,HW0000,
%AN1139,,,"ON,,OFF,ON",1,4,2,2,,HW0000,
%AN1140,,,"ON,,OFF,ON",1,4,2,2,,HW0000,
%AN1141,,,"ON,,OFF,ON",1,4,2,2,,HW0000,
%AN1142,,,"ON,,OFF,ON",1,4,2,2,,HW0000,
%AN1143,,,"ON,,OFF,ON",1,4,2,2,,HW0000,
%AN1144,,,"ON,,OFF,ON",1,4,2,2,,HW0000,
%AN1145,,,"ON,,OFF,ON",1,4,2,2,,HW0000,
%AN1146,,,"ON,,OFF,ON",1,4,2,2,,HW0000,
%AN1147,,,"ON,,OFF,ON",1,4,2,2,,HW0000,
%AN1148,,,"ON,,OFF,ON",1,4,2,2,,HW0000,
%AN1149,,,"ON,,OFF,ON",1,4,2,2,,HW0000,
%AN1150,,,"ON,,OFF,ON",1,4,2,2,,HW0000,
%AN1151,,,"ON,,OFF,ON",1,4,2,2,,HW0000,
%AN1152,,,"ON,,OFF,ON",1,4,2,2,,HW0000,
%AN1153,,,"ON,,OFF,ON",1,4,2,2,,HW0000,
%AN1154,,,"ON,,OFF,ON",1,4,2,2,,HW0000,
%AN1155,,,"ON,,OFF,ON",1,4,2,2,,HW0000,
%AN1156,,,"ON,,OFF,ON",1,4,2,2,,HW0000,
%AN1157,,,"ON,,OFF,ON",1,4,2,2,,HW0000,
%AN1158,,,"ON,,OFF,ON",1,4,2,2,,HW0000,
%AN1159,,,"ON,,OFF,ON",1,4,2,2,,HW0000,
%AN1160,,,"ON,,OFF,ON",1,4,2,2,,HW0000,
%AN1161,,,"ON,,OFF,ON",1,4,2,2,,HW0000,
%AN1162,,,"ON,,OFF,ON",1,4,2,2,,HW0000,
%AN1163,,,"ON,,OFF,ON",1,4,2,2,,HW0000,
%AN1164,,,"ON,,OFF,ON",1,4,2,2,,HW0000,
%AN1165,,,"ON,,OFF,ON",1,4,2,2,,HW0000,
%AN1166,,,"ON,,OFF,ON",1,4,2,2,,HW0000,
%AN1167,,,"ON,,OFF,ON",1,4,2,2,,HW0000,
%AN1168,,,"ON,,OFF,ON",1,4,2,2,,HW0000,
%AN1169,,,"ON,,OFF,ON",1,4,2,2,,HW0000,
%AN1170,,,"ON,,OFF,ON",1,4,2,2,,HW0000,
%AN1171,,,"ON,,OFF,ON",1,4,2,2,,HW0000,
%AN1172,,,"ON,,OFF,ON",1,4,2,2,,HW0000,
%AN1173,,,"ON,,OFF,ON",1,4,2,2,,HW0000,
%AN1174,,,"ON,,OFF,ON",1,4,2,2,,HW0000,
%AN1175,,,"ON,,OFF,ON",1,4,2,2,,HW0000,
%AN1176,,,"ON,,OFF,ON",1,4,2,2,,HW0000,
%AN1177,,,"ON,,OFF,ON",1,4,2,2,,HW0000,
%AN1178,,,"ON,,OFF,ON",1,4,2,2,,HW0000,
%AN1179,,,"ON,,OFF,ON",1,4,2,2,,HW0000,
%AN1180,,,"ON,,OFF,ON",1,4,2,2,,HW0000,
%AN1181,,,"ON,,OFF,ON",1,4,2,2,,HW0000,
%AN1182,,,"ON,,OFF,ON",1,4,2,2,,HW0000,
%AN1183,,,"ON,,OFF,ON",1,4,2,2,,HW0000,
%AN1184,,,"ON,,OFF,ON",1,4,2,2,,HW0000,
%AN1185,,,"ON,,OFF,ON",1,4,2,2,,HW0000,
%AN1186,,,"ON,,OFF,ON",1,4,2,2,,HW0000,
%AN1187,,,"ON,,OFF,ON",1,4,2,2,,HW0000,
%AN1188,,,"ON,,OFF,ON",1,4,2,2,,HW0000,
%AN1189,,,"ON,,OFF,ON",1,4,2,2,,HW0000,
%AN1190,,,"ON,,OFF,ON",1,4,2,2,,HW0000,
%AN1191,,,"ON,,OFF,ON",1,4,2,2,,HW0000,
%AN1192,,,"ON,,OFF,ON",1,4,2,2,,HW0000,
%AN1193,,,"ON,,OFF,ON",1,4,2,2,,HW0000,
%AN1194,,,"ON,,OFF,ON",1,4,2,2,,HW0000,
%AN1195,,,"ON,,OFF,ON",1,4,2,2,,HW0000,
%AN1196,,,"ON,,OFF,ON",1,4,2,2,,HW0000,
%AN1197,,,"ON,,OFF,ON",1,4,2,2,,HW0000,
%AN1198,,,"ON,,OFF,ON",1,4,2,2,,HW0000,
%AN1199,,,"ON,,OFF,ON",1,4,2,2,,HW0000,
%AN1200,,,"ON,,OFF,ON",1,4,2,2,,HW0000,
%AN1201,,,"ON,,OFF,ON",1,4,2,2,,HW0000,
%AN1202,,,"ON,,OFF,ON",1,4,2,2,,HW0000,
%AN1203,,,"ON,,OFF,ON",1,4,2,2,,HW0000,
%AN1204,,,"ON,,OFF,ON",1,4,2,2,,HW0000,
%AN1205,,,"ON,,OFF,ON",1,4,2,2,,HW0000,
%AN1206,,,"ON,,OFF,ON",1,4,2,2,,HW0000,
%AN1207,,,"ON,,OFF,ON",1,4,2,2,,HW0000,
%AN1208,,,"ON,,OFF,ON",1,4,2,2,,HW0000,
%AN1209,,,"ON,,OFF,ON",1,4,2,2,,HW0000,
%AN1210,,,"ON,,OFF,ON",1,4,2,2,,HW0000,
%AN1211,,,"ON,,OFF,ON",1,4,2,2,,HW0000,
%AN1212,,,"ON,,OFF,ON",1,4,2,2,,HW0000,
%AN1213,,,"ON,,OFF,ON",1,4,2,2,,HW0000,
%AN1214,,,"ON,,OFF,ON",1,4,2,2,,HW0000,
%AN1215,,,"ON,,OFF,ON",1,4,2,2,,HW0000,
%AN1216,,,"ON,,OFF,ON",1,4,2,2,,HW0000,
%AN1217,,,"ON,,OFF,ON",1,4,2,2,,HW0000,
%AN1218,,,"ON,,OFF,ON",1,4,2,2,,HW0000,
%AN1219,,,"ON,,OFF,ON",1,4,2,2,,HW0000,
%AN1220,,,"ON,,OFF,ON",1,4,2,2,,HW0000,
%AN1221,,,"ON,,OFF,ON",1,4,2,2,,HW0000,
%AN1222,,,"ON,,OFF,ON",1,4,2,2,,HW0000,
%AN1223,,,"ON,,OFF,ON",1,4,2,2,,HW0000,
%AN1224,,,"ON,,OFF,ON",1,4,2,2,,HW0000,
%AN1225,,,"ON,,OFF,ON",1,4,2,2,,HW0000,
%AN1226,,,"ON,,OFF,ON",1,4,2,2,,HW0000,
%AN1227,,,"ON,,OFF,ON",1,4,2,2,,HW0000,
%AN1228,,,"ON,,OFF,ON",1,4,2,2,,HW0000,
%AN1229,,,"ON,,OFF,ON",1,4,2,2,,HW0000,
%AN1230,,,"ON,,OFF,ON",1,4,2,2,,HW0000,
%AN1231,,,"ON,,OFF,ON",1,4,2,2,,HW0000,
%AN1232,,,"ON,,OFF,ON",1,4,2,2,,HW0000,
%AN1233,,,"ON,,OFF,ON",1,4,2,2,,HW0000,
%AN1234,,,"ON,,OFF,ON",1,4,2,2,,HW0000,
%AN1235,,,"ON,,OFF,ON",1,4,2,2,,HW0000,
%AN1236,,,"ON,,OFF,ON",1,4,2,2,,HW0000,
%AN1237,,,"ON,,OFF,ON",1,4,2,2,,HW0000,
%AN1238,,,"ON,,OFF,ON",1,4,2,2,,HW0000,
%AN1239,,,"ON,,OFF,ON",1,4,2,2,,HW0000,
%AN1240,,,"ON,,OFF,ON",1,4,2,2,,HW0000,
%AN1241,,,"ON,,OFF,ON",1,4,2,2,,HW0000,
%AN1242,,,"ON,,OFF,ON",1,4,2,2,,HW0000,
%AN1243,,,"ON,,OFF,ON",1,4,2,2,,HW0000,
%AN1244,,,"ON,,OFF,ON",1,4,2,2,,HW0000,
%AN1245,,,"ON,,OFF,ON",1,4,2,2,,HW0000,
%AN1246,,,"ON,,OFF,ON",1,4,2,2,,HW0000,
%AN1247,,,"ON,,OFF,ON",1,4,2,2,,HW0000,
%AN1248,,,"ON,,OFF,ON",1,4,2,2,,HW0000,
%AN1249,,,"ON,,OFF,ON",1,4,2,2,,HW0000,
%AN1250,,,"ON,,OFF,ON",1,4,2,2,,HW0000,
%AN1251,,,"ON,,OFF,ON",1,4,2,2,,HW0000,
%AN1252,,,"ON,,OFF,ON",1,4,2,2,,HW0000,
%AN1253,,,"ON,,OFF,ON",1,4,2,2,,HW0000,
%AN1254,,,"ON,,OFF,ON",1,4,2,2,,HW0000,
%AN1255,,,"ON,,OFF,ON",1,4,2,2,,HW0000,
%AN1256,,,"ON,,OFF,ON",1,4,2,2,,HW0000,
%AN1257,,,"ON,,OFF,ON",1,4,2,2,,HW0000,
%AN1258,,,"ON,,OFF,ON",1,4,2,2,,HW0000,
%AN1259,,,"ON,,OFF,ON",1,4,2,2,,HW0000,
%AN1260,,,"ON,,OFF,ON",1,4,2,2,,HW0000,
%AN1261,,,"ON,,OFF,ON",1,4,2,2,,HW0000,
%AN1262,,,"ON,,OFF,ON",1,4,2,2,,HW0000,
%AN1263,,,"ON,,OFF,ON",1,4,2,2,,HW0000,
%AN1264,,,"ON,,OFF,ON",1,4,2,2,,HW0000,
%AN1265,,,"ON,,OFF,ON",1,4,2,2,,HW0000,
%AN1266,,,"ON,,OFF,ON",1,4,2,2,,HW0000,
%AN1267,,,"ON,,OFF,ON",1,4,2,2,,HW0000,
%AN1268,,,"ON,,OFF,ON",1,4,2,2,,HW0000,
%AN1269,,,"ON,,OFF,ON",1,4,2,2,,HW0000,
%AN1270,,,"ON,,OFF,ON",1,4,2,2,,HW0000,
%AN1271,,,"ON,,OFF,ON",1,4,2,2,,HW0000,
%AN1272,,,"ON,,OFF,ON",1,4,2,2,,HW0000,
%AN1273,,,"ON,,OFF,ON",1,4,2,2,,HW0000,
%AN1274,,,"ON,,OFF,ON",1,4,2,2,,HW0000,
%AN1275,,,"ON,,OFF,ON",1,4,2,2,,HW0000,
%AN1276,,,"ON,,OFF,ON",1,4,2,2,,HW0000,
%AN1277,,,"ON,,OFF,ON",1,4,2,2,,HW0000,
%AN1278,,,"ON,,OFF,ON",1,4,2,2,,HW0000,
%AN1279,,,"ON,,OFF,ON",1,4,2,2,,HW0000,
%AN1280,,,"ON,,OFF,ON",1,4,2,2,,HW0000,
%AN1281,,,"ON,,OFF,ON",1,4,2,2,,HW0000,
%AN1282,,,"ON,,OFF,ON",1,4,2,2,,HW0000,
%AN1283,,,"ON,,OFF,ON",1,4,2,2,,HW0000,
%AN1284,,,"ON,,OFF,ON",1,4,2,2,,HW0000,
%AN1285,,,"ON,,OFF,ON",1,4,2,2,,HW0000,
%AN1286,,,"ON,,OFF,ON",1,4,2,2,,HW0000,
%AN1287,,,"ON,,OFF,ON",1,4,2,2,,HW0000,
%AN1288,,,"ON,,OFF,ON",1,4,2,2,,HW0000,
%AN1289,,,"ON,,OFF,ON",1,4,2,2,,HW0000,
%AN1290,,,"ON,,OFF,ON",1,4,2,2,,HW0000,
%AN1291,,,"ON,,OFF,ON",1,4,2,2,,HW0000,
%AN1292,,,"ON,,OFF,ON",1,4,2,2,,HW0000,
%AN1293,,,"ON,,OFF,ON",1,4,2,2,,HW0000,
%AN1294,,,"ON,,OFF,ON",1,4,2,2,,HW0000,
%AN1295,,,"ON,,OFF,ON",1,4,2,2,,HW0000,
%AN1296,,,"ON,,OFF,ON",1,4,2,2,,HW0000,
%AN1297,,,"ON,,OFF,ON",1,4,2,2,,HW0000,
%AN1298,,,"ON,,OFF,ON",1,4,2,2,,HW0000,
%AN1299,,,"ON,,OFF,ON",1,4,2,2,,HW0000,
%AN1300,,,"ON,,OFF,ON",1,4,2,2,,HW0000,
%AN1301,,,"ON,,OFF,ON",1,4,2,2,,HW0000,
%AN1302,,,"ON,,OFF,ON",1,4,2,2,,HW0000,
%AN1303,,,"ON,,OFF,ON",1,4,2,2,,HW0000,
%AN1304,,,"ON,,OFF,ON",1,4,2,2,,HW0000,
%AN1305,,,"ON,,OFF,ON",1,4,2,2,,HW0000,
%AN1306,,,"ON,,OFF,ON",1,4,2,2,,HW0000,
%AN1307,,,"ON,,OFF,ON",1,4,2,2,,HW0000,
%AN1308,,,"ON,,OFF,ON",1,4,2,2,,HW0000,
%AN1309,,,"ON,,OFF,ON",1,4,2,2,,HW0000,
%AN1310,,,"ON,,OFF,ON",1,4,2,2,,HW0000,
%AN1311,,,"ON,,OFF,ON",1,4,2,2,,HW0000,
%AN1312,,,"ON,,OFF,ON",1,4,2,2,,HW0000,
%AN1313,,,"ON,,OFF,ON",1,4,2,2,,HW0000,
%AN1314,,,"ON,,OFF,ON",1,4,2,2,,HW0000,
%AN1315,,,"ON,,OFF,ON",1,4,2,2,,HW0000,
%AN1316,,,"ON,,OFF,ON",1,4,2,2,,HW0000,
%AN1317,,,"ON,,OFF,ON",1,4,2,2,,HW0000,
%AN1318,,,"ON,,OFF,ON",1,4,2,2,,HW0000,
%AN1319,,,"ON,,OFF,ON",1,4,2,2,,HW0000,
%AN1320,,,"ON,,OFF,ON",1,4,2,2,,HW0000,
%AN1321,,,"ON,,OFF,ON",1,4,2,2,,HW0000,
%AN1322,,,"ON,,OFF,ON",1,4,2,2,,HW0000,
%AN1323,,,"ON,,OFF,ON",1,4,2,2,,HW0000,
%AN1324,,,"ON,,OFF,ON",1,4,2,2,,HW0000,
%AN1325,,,"ON,,OFF,ON",1,4,2,2,,HW0000,
%AN1326,,,"ON,,OFF,ON",1,4,2,2,,HW0000,
%AN1327,,,"ON,,OFF,ON",1,4,2,2,,HW0000,
%AN1328,,,"ON,,OFF,ON",1,4,2,2,,HW0000,
%AN1329,,,"ON,,OFF,ON",1,4,2,2,,HW0000,
%AN1330,,,"ON,,OFF,ON",1,4,2,2,,HW0000,
%AN1331,,,"ON,,OFF,ON",1,4,2,2,,HW0000,
%AN1332,,,"ON,,OFF,ON",1,4,2,2,,HW0000,
%AN1333,,,"ON,,OFF,ON",1,4,2,2,,HW0000,
%AN1334,,,"ON,,OFF,ON",1,4,2,2,,HW0000,
%AN1335,,,"ON,,OFF,ON",1,4,2,2,,HW0000,
%AN1336,,,"ON,,OFF,ON",1,4,2,2,,HW0000,
%AN1337,,,"ON,,OFF,ON",1,4,2,2,,HW0000,
%AN1338,,,"ON,,OFF,ON",1,4,2,2,,HW0000,
%AN1339,,,"ON,,OFF,ON",1,4,2,2,,HW0000,
%AN1340,,,"ON,,OFF,ON",1,4,2,2,,HW0000,
%AN1341,,,"ON,,OFF,ON",1,4,2,2,,HW0000,
%AN1342,,,"ON,,OFF,ON",1,4,2,2,,HW0000,
%AN1343,,,"ON,,OFF,ON",1,4,2,2,,HW0000,
%AN1344,,,"ON,,OFF,ON",1,4,2,2,,HW0000,
%AN1345,,,"ON,,OFF,ON",1,4,2,2,,HW0000,
%AN1346,,,"ON,,OFF,ON",1,4,2,2,,HW0000,
%AN1347,,,"ON,,OFF,ON",1,4,2,2,,HW0000,
%AN1348,,,"ON,,OFF,ON",1,4,2,2,,HW0000,
%AN1349,,,"ON,,OFF,ON",1,4,2,2,,HW0000,
%AN1350,,,"ON,,OFF,ON",1,4,2,2,,HW0000,
%AN1351,,,"ON,,OFF,ON",1,4,2,2,,HW0000,
%AN1352,,,"ON,,OFF,ON",1,4,2,2,,HW0000,
%AN1353,,,"ON,,OFF,ON",1,4,2,2,,HW0000,
%AN1354,,,"ON,,OFF,ON",1,4,2,2,,HW0000,
%AN1355,,,"ON,,OFF,ON",1,4,2,2,,HW0000,
%AN1356,,,"ON,,OFF,ON",1,4,2,2,,HW0000,
%AN1357,,,"ON,,OFF,ON",1,4,2,2,,HW0000,
%AN1358,,,"ON,,OFF,ON",1,4,2,2,,HW0000,
%AN1359,,,"ON,,OFF,ON",1,4,2,2,,HW0000,
%AN1360,,,"ON,,OFF,ON",1,4,2,2,,HW0000,
%AN1361,,,"ON,,OFF,ON",1,4,2,2,,HW0000,
%AN1362,,,"ON,,OFF,ON",1,4,2,2,,HW0000,
%AN1363,,,"ON,,OFF,ON",1,4,2,2,,HW0000,
%AN1364,,,"ON,,OFF,ON",1,4,2,2,,HW0000,
%AN1365,,,"ON,,OFF,ON",1,4,2,2,,HW0000,
%AN1366,,,"ON,,OFF,ON",1,4,2,2,,HW0000,
%AN1367,,,"ON,,OFF,ON",1,4,2,2,,HW0000,
%AN1368,,,"ON,,OFF,ON",1,4,2,2,,HW0000,
%AN1369,,,"ON,,OFF,ON",1,4,2,2,,HW0000,
%AN1370,,,"ON,,OFF,ON",1,4,2,2,,HW0000,
%AN1371,,,"ON,,OFF,ON",1,4,2,2,,HW0000,
%AN1372,,,"ON,,OFF,ON",1,4,2,2,,HW0000,
%AN1373,,,"ON,,OFF,ON",1,4,2,2,,HW0000,
%AN1374,,,"ON,,OFF,ON",1,4,2,2,,HW0000,
%AN1375,,,"ON,,OFF,ON",1,4,2,2,,HW0000,
%AN1376,,,"ON,,OFF,ON",1,4,2,2,,HW0000,
%AN1377,,,"ON,,OFF,ON",1,4,2,2,,HW0000,
%AN1378,,,"ON,,OFF,ON",1,4,2,2,,HW0000,
%AN1379,,,"ON,,OFF,ON",1,4,2,2,,HW0000,
%AN1380,,,"ON,,OFF,ON",1,4,2,2,,HW0000,
%AN1381,,,"ON,,OFF,ON",1,4,2,2,,HW0000,
%AN1382,,,"ON,,OFF,ON",1,4,2,2,,HW0000,
%AN1383,,,"ON,,OFF,ON",1,4,2,2,,HW0000,
%AN1384,,,"ON,,OFF,ON",1,4,2,2,,HW0000,
%AN1385,,,"ON,,OFF,ON",1,4,2,2,,HW0000,
%AN1386,,,"ON,,OFF,ON",1,4,2,2,,HW0000,
%AN1387,,,"ON,,OFF,ON",1,4,2,2,,HW0000,
%AN1388,,,"ON,,OFF,ON",1,4,2,2,,HW0000,
%AN1389,,,"ON,,OFF,ON",1,4,2,2,,HW0000,
%AN1390,,,"ON,,OFF,ON",1,4,2,2,,HW0000,
%AN1391,,,"ON,,OFF,ON",1,4,2,2,,HW0000,
%AN1392,,,"ON,,OFF,ON",1,4,2,2,,HW0000,
%AN1393,,,"ON,,OFF,ON",1,4,2,2,,HW0000,
%AN1394,,,"ON,,OFF,ON",1,4,2,2,,HW0000,
%AN1395,,,"ON,,OFF,ON",1,4,2,2,,HW0000,
%AN1396,,,"ON,,OFF,ON",1,4,2,2,,HW0000,
%AN1397,,,"ON,,OFF,ON",1,4,2,2,,HW0000,
%AN1398,,,"ON,,OFF,ON",1,4,2,2,,HW0000,
%AN1399,,,"ON,,OFF,ON",1,4,2,2,,HW0000,
%AN1400,,,"ON,,OFF,ON",1,4,2,2,,HW0000,
%AN1401,,,"ON,,OFF,ON",1,4,2,2,,HW0000,
%AN1402,,,"ON,,OFF,ON",1,4,2,2,,HW0000,
%AN1403,,,"ON,,OFF,ON",1,4,2,2,,HW0000,
%AN1404,,,"ON,,OFF,ON",1,4,2,2,,HW0000,
%AN1405,,,"ON,,OFF,ON",1,4,2,2,,HW0000,
%AN1406,,,"ON,,OFF,ON",1,4,2,2,,HW0000,
%AN1407,,,"ON,,OFF,ON",1,4,2,2,,HW0000,
%AN1408,,,"ON,,OFF,ON",1,4,2,2,,HW0000,
%AN1409,,,"ON,,OFF,ON",1,4,2,2,,HW0000,
%AN1410,,,"ON,,OFF,ON",1,4,2,2,,HW0000,
%AN1411,,,"ON,,OFF,ON",1,4,2,2,,HW0000,
%AN1412,,,"ON,,OFF,ON",1,4,2,2,,HW0000,
%AN1413,,,"ON,,OFF,ON",1,4,2,2,,HW0000,
%AN1414,,,"ON,,OFF,ON",1,4,2,2,,HW0000,
%AN1415,,,"ON,,OFF,ON",1,4,2,2,,HW0000,
%AN1416,,,"ON,,OFF,ON",1,4,2,2,,HW0000,
%AN1417,,,"ON,,OFF,ON",1,4,2,2,,HW0000,
%AN1418,,,"ON,,OFF,ON",1,4,2,2,,HW0000,
%AN1419,,,"ON,,OFF,ON",1,4,2,2,,HW0000,
%AN1420,,,"ON,,OFF,ON",1,4,2,2,,HW0000,
%AN1421,,,"ON,,OFF,ON",1,4,2,2,,HW0000,
%AN1422,,,"ON,,OFF,ON",1,4,2,2,,HW0000,
%AN1423,,,"ON,,OFF,ON",1,4,2,2,,HW0000,
%AN1424,,,"ON,,OFF,ON",1,4,2,2,,HW0000,
%AN1425,,,"ON,,OFF,ON",1,4,2,2,,HW0000,
%AN1426,,,"ON,,OFF,ON",1,4,2,2,,HW0000,
%AN1427,,,"ON,,OFF,ON",1,4,2,2,,HW0000,
%AN1428,,,"ON,,OFF,ON",1,4,2,2,,HW0000,
%AN1429,,,"ON,,OFF,ON",1,4,2,2,,HW0000,
%AN1430,,,"ON,,OFF,ON",1,4,2,2,,HW0000,
%AN1431,,,"ON,,OFF,ON",1,4,2,2,,HW0000,
%AN1432,,,"ON,,OFF,ON",1,4,2,2,,HW0000,
%AN1433,,,"ON,,OFF,ON",1,4,2,2,,HW0000,
%AN1434,,,"ON,,OFF,ON",1,4,2,2,,HW0000,
%AN1435,,,"ON,,OFF,ON",1,4,2,2,,HW0000,
%AN1436,,,"ON,,OFF,ON",1,4,2,2,,HW0000,
%AN1437,,,"ON,,OFF,ON",1,4,2,2,,HW0000,
%AN1438,,,"ON,,OFF,ON",1,4,2,2,,HW0000,
%AN1439,,,"ON,,OFF,ON",1,4,2,2,,HW0000,
%AN1440,,,"ON,,OFF,ON",1,4,2,2,,HW0000,
%AN1441,,,"ON,,OFF,ON",1,4,2,2,,HW0000,
%AN1442,,,"ON,,OFF,ON",1,4,2,2,,HW0000,
%AN1443,,,"ON,,OFF,ON",1,4,2,2,,HW0000,
%AN1444,,,"ON,,OFF,ON",1,4,2,2,,HW0000,
%AN1445,,,"ON,,OFF,ON",1,4,2,2,,HW0000,
%AN1446,,,"ON,,OFF,ON",1,4,2,2,,HW0000,
%AN1447,,,"ON,,OFF,ON",1,4,2,2,,HW0000,
%AN1448,,,"ON,,OFF,ON",1,4,2,2,,HW0000,
%AN1449,,,"ON,,OFF,ON",1,4,2,2,,HW0000,
%AN1450,,,"ON,,OFF,ON",1,4,2,2,,HW0000,
%AN1451,,,"ON,,OFF,ON",1,4,2,2,,HW0000,
%AN1452,,,"ON,,OFF,ON",1,4,2,2,,HW0000,
%AN1453,,,"ON,,OFF,ON",1,4,2,2,,HW0000,
%AN1454,,,"ON,,OFF,ON",1,4,2,2,,HW0000,
%AN1455,,,"ON,,OFF,ON",1,4,2,2,,HW0000,
%AN1456,,,"ON,,OFF,ON",1,4,2,2,,HW0000,
%AN1457,,,"ON,,OFF,ON",1,4,2,2,,HW0000,
%AN1458,,,"ON,,OFF,ON",1,4,2,2,,HW0000,
%AN1459,,,"ON,,OFF,ON",1,4,2,2,,HW0000,
%AN1460,,,"ON,,OFF,ON",1,4,2,2,,HW0000,
%AN1461,,,"ON,,OFF,ON",1,4,2,2,,HW0000,
%AN1462,,,"ON,,OFF,ON",1,4,2,2,,HW0000,
%AN1463,,,"ON,,OFF,ON",1,4,2,2,,HW0000,
%AN1464,,,"ON,,OFF,ON",1,4,2,2,,HW0000,
%AN1465,,,"ON,,OFF,ON",1,4,2,2,,HW0000,
%AN1466,,,"ON,,OFF,ON",1,4,2,2,,HW0000,
%AN1467,,,"ON,,OFF,ON",1,4,2,2,,HW0000,
%AN1468,,,"ON,,OFF,ON",1,4,2,2,,HW0000,
%AN1469,,,"ON,,OFF,ON",1,4,2,2,,HW0000,
%AN1470,,,"ON,,OFF,ON",1,4,2,2,,HW0000,
%AN1471,,,"ON,,OFF,ON",1,4,2,2,,HW0000,
%AN1472,,,"ON,,OFF,ON",1,4,2,2,,HW0000,
%AN1473,,,"ON,,OFF,ON",1,4,2,2,,HW0000,
%AN1474,,,"ON,,OFF,ON",1,4,2,2,,HW0000,
%AN1475,,,"ON,,OFF,ON",1,4,2,2,,HW0000,
%AN1476,,,"ON,,OFF,ON",1,4,2,2,,HW0000,
%AN1477,,,"ON,,OFF,ON",1,4,2,2,,HW0000,
%AN1478,,,"ON,,OFF,ON",1,4,2,2,,HW0000,
%AN1479,,,"ON,,OFF,ON",1,4,2,2,,HW0000,
%AN1480,,,"ON,,OFF,ON",1,4,2,2,,HW0000,
%AN1481,,,"ON,,OFF,ON",1,4,2,2,,HW0000,
%AN1482,,,"ON,,OFF,ON",1,4,2,2,,HW0000,
%AN1483,,,"ON,,OFF,ON",1,4,2,2,,HW0000,
%AN1484,,,"ON,,OFF,ON",1,4,2,2,,HW0000,
%AN1485,,,"ON,,OFF,ON",1,4,2,2,,HW0000,
%AN1486,,,"ON,,OFF,ON",1,4,2,2,,HW0000,
%AN1487,,,"ON,,OFF,ON",1,4,2,2,,HW0000,
%AN1488,,,"ON,,OFF,ON",1,4,2,2,,HW0000,
%AN1489,,,"ON,,OFF,ON",1,4,2,2,,HW0000,
%AN1490,,,"ON,,OFF,ON",1,4,2,2,,HW0000,
%AN1491,,,"ON,,OFF,ON",1,4,2,2,,HW0000,
%AN1492,,,"ON,,OFF,ON",1,4,2,2,,HW0000,
%AN1493,,,"ON,,OFF,ON",1,4,2,2,,HW0000,
%AN1494,,,"ON,,OFF,ON",1,4,2,2,,HW0000,
%AN1495,,,"ON,,OFF,ON",1,4,2,2,,HW0000,
%AN1496,,,"ON,,OFF,ON",1,4,2,2,,HW0000,
%AN1497,,,"ON,,OFF,ON",1,4,2,2,,HW0000,
%AN1498,,,"ON,,OFF,ON",1,4,2,2,,HW0000,
%AN1499,,,"ON,,OFF,ON",1,4,2,2,,HW0000,
%AN1500,,,"ON,,OFF,ON",1,4,2,2,,HW0000,
%AN1501,,,"ON,,OFF,ON",1,4,2,2,,HW0000,
%AN1502,,,"ON,,OFF,ON",1,4,2,2,,HW0000,
%AN1503,,,"ON,,OFF,ON",1,4,2,2,,HW0000,
%AN1504,,,"ON,,OFF,ON",1,4,2,2,,HW0000,
%AN1505,,,"ON,,OFF,ON",1,4,2,2,,HW0000,
%AN1506,,,"ON,,OFF,ON",1,4,2,2,,HW0000,
%AN1507,,,"ON,,OFF,ON",1,4,2,2,,HW0000,
%AN1508,,,"ON,,OFF,ON",1,4,2,2,,HW0000,
%AN1509,,,"ON,,OFF,ON",1,4,2,2,,HW0000,
%AN1510,,,"ON,,OFF,ON",1,4,2,2,,HW0000,
%AN1511,,,"ON,,OFF,ON",1,4,2,2,,HW0000,
%AN1512,,,"ON,,OFF,ON",1,4,2,2,,HW0000,
%AN1513,,,"ON,,OFF,ON",1,4,2,2,,HW0000,
%AN1514,,,"ON,,OFF,ON",1,4,2,2,,HW0000,
%AN1515,,,"ON,,OFF,ON",1,4,2,2,,HW0000,
%AN1516,,,"ON,,OFF,ON",1,4,2,2,,HW0000,
%AN1517,,,"ON,,OFF,ON",1,4,2,2,,HW0000,
%AN1518,,,"ON,,OFF,ON",1,4,2,2,,HW0000,
%AN1519,,,"ON,,OFF,ON",1,4,2,2,,HW0000,
%AN1520,,,"ON,,OFF,ON",1,4,2,2,,HW0000,
%AN1521,,,"ON,,OFF,ON",1,4,2,2,,HW0000,
%AN1522,,,"ON,,OFF,ON",1,4,2,2,,HW0000,
%AN1523,,,"ON,,OFF,ON",1,4,2,2,,HW0000,
%AN1524,,,"ON,,OFF,ON",1,4,2,2,,HW0000,
%AN1525,,,"ON,,OFF,ON",1,4,2,2,,HW0000,
%AN1526,,,"ON,,OFF,ON",1,4,2,2,,HW0000,
%AN1527,,,"ON,,OFF,ON",1,4,2,2,,HW0000,
%AN1528,,,"ON,,OFF,ON",1,4,2,2,,HW0000,
%AN1529,,,"ON,,OFF,ON",1,4,2,2,,HW0000,
%AN1530,,,"ON,,OFF,ON",1,4,2,2,,HW0000,
%AN1531,,,"ON,,OFF,ON",1,4,2,2,,HW0000,
%AN1532,,,"ON,,OFF,ON",1,4,2,2,,HW0000,
%AN1533,,,"ON,,OFF,ON",1,4,2,2,,HW0000,
%AN1534,,,"ON,,OFF,ON",1,4,2,2,,HW0000,
%AN1535,,,"ON,,OFF,ON",1,4,2,2,,HW0000,
%AN1536,,,"ON,,OFF,ON",1,4,2,2,,HW0000,
%AN1537,,,"ON,,OFF,ON",1,4,2,2,,HW0000,
%AN1538,,,"ON,,OFF,ON",1,4,2,2,,HW0000,
%AN1539,,,"ON,,OFF,ON",1,4,2,2,,HW0000,
%AN1540,,,"ON,,OFF,ON",1,4,2,2,,HW0000,
%AN1541,,,"ON,,OFF,ON",1,4,2,2,,HW0000,
%AN1542,,,"ON,,OFF,ON",1,4,2,2,,HW0000,
%AN1543,,,"ON,,OFF,ON",1,4,2,2,,HW0000,
%AN1544,,,"ON,,OFF,ON",1,4,2,2,,HW0000,
%AN1545,,,"ON,,OFF,ON",1,4,2,2,,HW0000,
%AN1546,,,"ON,,OFF,ON",1,4,2,2,,HW0000,
%AN1547,,,"ON,,OFF,ON",1,4,2,2,,HW0000,
%AN1548,,,"ON,,OFF,ON",1,4,2,2,,HW0000,
%AN1549,,,"ON,,OFF,ON",1,4,2,2,,HW0000,
%AN1550,,,"ON,,OFF,ON",1,4,2,2,,HW0000,
%AN1551,,,"ON,,OFF,ON",1,4,2,2,,HW0000,
%AN1552,,,"ON,,OFF,ON",1,4,2,2,,HW0000,
%AN1553,,,"ON,,OFF,ON",1,4,2,2,,HW0000,
%AN1554,,,"ON,,OFF,ON",1,4,2,2,,HW0000,
%AN1555,,,"ON,,OFF,ON",1,4,2,2,,HW0000,
%AN1556,,,"ON,,OFF,ON",1,4,2,2,,HW0000,
%AN1557,,,"ON,,OFF,ON",1,4,2,2,,HW0000,
%AN1558,,,"ON,,OFF,ON",1,4,2,2,,HW0000,
%AN1559,,,"ON,,OFF,ON",1,4,2,2,,HW0000,
%AN1560,,,"ON,,OFF,ON",1,4,2,2,,HW0000,
%AN1561,,,"ON,,OFF,ON",1,4,2,2,,HW0000,
%AN1562,,,"ON,,OFF,ON",1,4,2,2,,HW0000,
%AN1563,,,"ON,,OFF,ON",1,4,2,2,,HW0000,
%AN1564,,,"ON,,OFF,ON",1,4,2,2,,HW0000,
%AN1565,,,"ON,,OFF,ON",1,4,2,2,,HW0000,
%AN1566,,,"ON,,OFF,ON",1,4,2,2,,HW0000,
%AN1567,,,"ON,,OFF,ON",1,4,2,2,,HW0000,
%AN1568,,,"ON,,OFF,ON",1,4,2,2,,HW0000,
%AN1569,,,"ON,,OFF,ON",1,4,2,2,,HW0000,
%AN1570,,,"ON,,OFF,ON",1,4,2,2,,HW0000,
%AN1571,,,"ON,,OFF,ON",1,4,2,2,,HW0000,
%AN1572,,,"ON,,OFF,ON",1,4,2,2,,HW0000,
%AN1573,,,"ON,,OFF,ON",1,4,2,2,,HW0000,
%AN1574,,,"ON,,OFF,ON",1,4,2,2,,HW0000,
%AN1575,,,"ON,,OFF,ON",1,4,2,2,,HW0000,
%AN1576,,,"ON,,OFF,ON",1,4,2,2,,HW0000,
%AN1577,,,"ON,,OFF,ON",1,4,2,2,,HW0000,
%AN1578,,,"ON,,OFF,ON",1,4,2,2,,HW0000,
%AN1579,,,"ON,,OFF,ON",1,4,2,2,,HW0000,
%AN1580,,,"ON,,OFF,ON",1,4,2,2,,HW0000,
%AN1581,,,"ON,,OFF,ON",1,4,2,2,,HW0000,
%AN1582,,,"ON,,OFF,ON",1,4,2,2,,HW0000,
%AN1583,,,"ON,,OFF,ON",1,4,2,2,,HW0000,
%AN1584,,,"ON,,OFF,ON",1,4,2,2,,HW0000,
%AN1585,,,"ON,,OFF,ON",1,4,2,2,,HW0000,
%AN1586,,,"ON,,OFF,ON",1,4,2,2,,HW0000,
%AN1587,,,"ON,,OFF,ON",1,4,2,2,,HW0000,
%AN1588,,,"ON,,OFF,ON",1,4,2,2,,HW0000,
%AN1589,,,"ON,,OFF,ON",1,4,2,2,,HW0000,
%AN1590,,,"ON,,OFF,ON",1,4,2,2,,HW0000,
%AN1591,,,"ON,,OFF,ON",1,4,2,2,,HW0000,
%AN1592,,,"ON,,OFF,ON",1,4,2,2,,HW0000,
%AN1593,,,"ON,,OFF,ON",1,4,2,2,,HW0000,
%AN1594,,,"ON,,OFF,ON",1,4,2,2,,HW0000,
%AN1595,,,"ON,,OFF,ON",1,4,2,2,,HW0000,
%AN1596,,,"ON,,OFF,ON",1,4,2,2,,HW0000,
%AN1597,,,"ON,,OFF,ON",1,4,2,2,,HW0000,
%AN1598,,,"ON,,OFF,ON",1,4,2,2,,HW0000,
%AN1599,,,"ON,,OFF,ON",1,4,2,2,,HW0000,
%AN1600,,,"ON,,OFF,ON",1,4,2,2,,HW0000,
%AN1601,,,"ON,,OFF,ON",1,4,2,2,,HW0000,
%AN1602,,,"ON,,OFF,ON",1,4,2,2,,HW0000,
%AN1603,,,"ON,,OFF,ON",1,4,2,2,,HW0000,
%AN1604,,,"ON,,OFF,ON",1,4,2,2,,HW0000,
%AN1605,,,"ON,,OFF,ON",1,4,2,2,,HW0000,
%AN1606,,,"ON,,OFF,ON",1,4,2,2,,HW0000,
%AN1607,,,"ON,,OFF,ON",1,4,2,2,,HW0000,
%AN1608,,,"ON,,OFF,ON",1,4,2,2,,HW0000,
%AN1609,,,"ON,,OFF,ON",1,4,2,2,,HW0000,
%AN1610,,,"ON,,OFF,ON",1,4,2,2,,HW0000,
%AN1611,,,"ON,,OFF,ON",1,4,2,2,,HW0000,
%AN1612,,,"ON,,OFF,ON",1,4,2,2,,HW0000,
%AN1613,,,"ON,,OFF,ON",1,4,2,2,,HW0000,
%AN1614,,,"ON,,OFF,ON",1,4,2,2,,HW0000,
%AN1615,,,"ON,,OFF,ON",1,4,2,2,,HW0000,
%AN1616,,,"ON,,OFF,ON",1,4,2,2,,HW0000,
%AN1617,,,"ON,,OFF,ON",1,4,2,2,,HW0000,
%AN1618,,,"ON,,OFF,ON",1,4,2,2,,HW0000,
%AN1619,,,"ON,,OFF,ON",1,4,2,2,,HW0000,
%AN1620,,,"ON,,OFF,ON",1,4,2,2,,HW0000,
%AN1621,,,"ON,,OFF,ON",1,4,2,2,,HW0000,
%AN1622,,,"ON,,OFF,ON",1,4,2,2,,HW0000,
%AN1623,,,"ON,,OFF,ON",1,4,2,2,,HW0000,
%AN1624,,,"ON,,OFF,ON",1,4,2,2,,HW0000,
%AN1625,,,"ON,,OFF,ON",1,4,2,2,,HW0000,
%AN1626,,,"ON,,OFF,ON",1,4,2,2,,HW0000,
%AN1627,,,"ON,,OFF,ON",1,4,2,2,,HW0000,
%AN1628,,,"ON,,OFF,ON",1,4,2,2,,HW0000,
%AN1629,,,"ON,,OFF,ON",1,4,2,2,,HW0000,
%AN1630,,,"ON,,OFF,ON",1,4,2,2,,HW0000,
%AN1631,,,"ON,,OFF,ON",1,4,2,2,,HW0000,
%AN1632,,,"ON,,OFF,ON",1,4,2,2,,HW0000,
%AN1633,,,"ON,,OFF,ON",1,4,2,2,,HW0000,
%AN1634,,,"ON,,OFF,ON",1,4,2,2,,HW0000,
%AN1635,,,"ON,,OFF,ON",1,4,2,2,,HW0000,
%AN1636,,,"ON,,OFF,ON",1,4,2,2,,HW0000,
%AN1637,,,"ON,,OFF,ON",1,4,2,2,,HW0000,
%AN1638,,,"ON,,OFF,ON",1,4,2,2,,HW0000,
%AN1639,,,"ON,,OFF,ON",1,4,2,2,,HW0000,
%AN1640,,,"ON,,OFF,ON",1,4,2,2,,HW0000,
%AN1641,,,"ON,,OFF,ON",1,4,2,2,,HW0000,
%AN1642,,,"ON,,OFF,ON",1,4,2,2,,HW0000,
%AN1643,,,"ON,,OFF,ON",1,4,2,2,,HW0000,
%AN1644,,,"ON,,OFF,ON",1,4,2,2,,HW0000,
%AN1645,,,"ON,,OFF,ON",1,4,2,2,,HW0000,
%AN1646,,,"ON,,OFF,ON",1,4,2,2,,HW0000,
%AN1647,,,"ON,,OFF,ON",1,4,2,2,,HW0000,
%AN1648,,,"ON,,OFF,ON",1,4,2,2,,HW0000,
%AN1649,,,"ON,,OFF,ON",1,4,2,2,,HW0000,
%AN1650,,,"ON,,OFF,ON",1,4,2,2,,HW0000,
%AN1651,,,"ON,,OFF,ON",1,4,2,2,,HW0000,
%AN1652,,,"ON,,OFF,ON",1,4,2,2,,HW0000,
%AN1653,,,"ON,,OFF,ON",1,4,2,2,,HW0000,
%AN1654,,,"ON,,OFF,ON",1,4,2,2,,HW0000,
%AN1655,,,"ON,,OFF,ON",1,4,2,2,,HW0000,
%AN1656,,,"ON,,OFF,ON",1,4,2,2,,HW0000,
%AN1657,,,"ON,,OFF,ON",1,4,2,2,,HW0000,
%AN1658,,,"ON,,OFF,ON",1,4,2,2,,HW0000,
%AN1659,,,"ON,,OFF,ON",1,4,2,2,,HW0000,
%AN1660,,,"ON,,OFF,ON",1,4,2,2,,HW0000,
%AN1661,,,"ON,,OFF,ON",1,4,2,2,,HW0000,
%AN1662,,,"ON,,OFF,ON",1,4,2,2,,HW0000,
%AN1663,,,"ON,,OFF,ON",1,4,2,2,,HW0000,
%AN1664,,,"ON,,OFF,ON",1,4,2,2,,HW0000,
%AN1665,,,"ON,,OFF,ON",1,4,2,2,,HW0000,
%AN1666,,,"ON,,OFF,ON",1,4,2,2,,HW0000,
%AN1667,,,"ON,,OFF,ON",1,4,2,2,,HW0000,
%AN1668,,,"ON,,OFF,ON",1,4,2,2,,HW0000,
%AN1669,,,"ON,,OFF,ON",1,4,2,2,,HW0000,
%AN1670,,,"ON,,OFF,ON",1,4,2,2,,HW0000,
%AN1671,,,"ON,,OFF,ON",1,4,2,2,,HW0000,
%AN1672,,,"ON,,OFF,ON",1,4,2,2,,HW0000,
%AN1673,,,"ON,,OFF,ON",1,4,2,2,,HW0000,
%AN1674,,,"ON,,OFF,ON",1,4,2,2,,HW0000,
%AN1675,,,"ON,,OFF,ON",1,4,2,2,,HW0000,
%AN1676,,,"ON,,OFF,ON",1,4,2,2,,HW0000,
%AN1677,,,"ON,,OFF,ON",1,4,2,2,,HW0000,
%AN1678,,,"ON,,OFF,ON",1,4,2,2,,HW0000,
%AN1679,,,"ON,,OFF,ON",1,4,2,2,,HW0000,
%AN1680,,,"ON,,OFF,ON",1,4,2,2,,HW0000,
%AN1681,,,"ON,,OFF,ON",1,4,2,2,,HW0000,
%AN1682,,,"ON,,OFF,ON",1,4,2,2,,HW0000,
%AN1683,,,"ON,,OFF,ON",1,4,2,2,,HW0000,
%AN1684,,,"ON,,OFF,ON",1,4,2,2,,HW0000,
%AN1685,,,"ON,,OFF,ON",1,4,2,2,,HW0000,
%AN1686,,,"ON,,OFF,ON",1,4,2,2,,HW0000,
%AN1687,,,"ON,,OFF,ON",1,4,2,2,,HW0000,
%AN1688,,,"ON,,OFF,ON",1,4,2,2,,HW0000,
%AN1689,,,"ON,,OFF,ON",1,4,2,2,,HW0000,
%AN1690,,,"ON,,OFF,ON",1,4,2,2,,HW0000,
%AN1691,,,"ON,,OFF,ON",1,4,2,2,,HW0000,
%AN1692,,,"ON,,OFF,ON",1,4,2,2,,HW0000,
%AN1693,,,"ON,,OFF,ON",1,4,2,2,,HW0000,
%AN1694,,,"ON,,OFF,ON",1,4,2,2,,HW0000,
%AN1695,,,"ON,,OFF,ON",1,4,2,2,,HW0000,
%AN1696,,,"ON,,OFF,ON",1,4,2,2,,HW0000,
%AN1697,,,"ON,,OFF,ON",1,4,2,2,,HW0000,
%AN1698,,,"ON,,OFF,ON",1,4,2,2,,HW0000,
%AN1699,,,"ON,,OFF,ON",1,4,2,2,,HW0000,
%AN1700,,,"ON,,OFF,ON",1,4,2,2,,HW0000,
%AN1701,,,"ON,,OFF,ON",1,4,2,2,,HW0000,
%AN1702,,,"ON,,OFF,ON",1,4,2,2,,HW0000,
%AN1703,,,"ON,,OFF,ON",1,4,2,2,,HW0000,
%AN1704,,,"ON,,OFF,ON",1,4,2,2,,HW0000,
%AN1705,,,"ON,,OFF,ON",1,4,2,2,,HW0000,
%AN1706,,,"ON,,OFF,ON",1,4,2,2,,HW0000,
%AN1707,,,"ON,,OFF,ON",1,4,2,2,,HW0000,
%AN1708,,,"ON,,OFF,ON",1,4,2,2,,HW0000,
%AN1709,,,"ON,,OFF,ON",1,4,2,2,,HW0000,
%AN1710,,,"ON,,OFF,ON",1,4,2,2,,HW0000,
%AN1711,,,"ON,,OFF,ON",1,4,2,2,,HW0000,
%AN1712,,,"ON,,OFF,ON",1,4,2,2,,HW0000,
%AN1713,,,"ON,,OFF,ON",1,4,2,2,,HW0000,
%AN1714,,,"ON,,OFF,ON",1,4,2,2,,HW0000,
%AN1715,,,"ON,,OFF,ON",1,4,2,2,,HW0000,
%AN1716,,,"ON,,OFF,ON",1,4,2,2,,HW0000,
%AN1717,,,"ON,,OFF,ON",1,4,2,2,,HW0000,
%AN1718,,,"ON,,OFF,ON",1,4,2,2,,HW0000,
%AN1719,,,"ON,,OFF,ON",1,4,2,2,,HW0000,
%AN1720,,,"ON,,OFF,ON",1,4,2,2,,HW0000,
%AN1721,,,"ON,,OFF,ON",1,4,2,2,,HW0000,
%AN1722,,,"ON,,OFF,ON",1,4,2,2,,HW0000,
%AN1723,,,"ON,,OFF,ON",1,4,2,2,,HW0000,
%AN1724,,,"ON,,OFF,ON",1,4,2,2,,HW0000,
%AN1725,,,"ON,,OFF,ON",1,4,2,2,,HW0000,
%AN1726,,,"ON,,OFF,ON",1,4,2,2,,HW0000,
%AN1727,,,"ON,,OFF,ON",1,4,2,2,,HW0000,
%AN1728,,,"ON,,OFF,ON",1,4,2,2,,HW0000,
%AN1729,,,"ON,,OFF,ON",1,4,2,2,,HW0000,
%AN1730,,,"ON,,OFF,ON",1,4,2,2,,HW0000,
%AN1731,,,"ON,,OFF,ON",1,4,2,2,,HW0000,
%AN1732,,,"ON,,OFF,ON",1,4,2,2,,HW0000,
%AN1733,,,"ON,,OFF,ON",1,4,2,2,,HW0000,
%AN1734,,,"ON,,OFF,ON",1,4,2,2,,HW0000,
%AN1735,,,"ON,,OFF,ON",1,4,2,2,,HW0000,
%AN1736,,,"ON,,OFF,ON",1,4,2,2,,HW0000,
%AN1737,,,"ON,,OFF,ON",1,4,2,2,,HW0000,
%AN1738,,,"ON,,OFF,ON",1,4,2,2,,HW0000,
%AN1739,,,"ON,,OFF,ON",1,4,2,2,,HW0000,
%AN1740,,,"ON,,OFF,ON",1,4,2,2,,HW0000,
%AN1741,,,"ON,,OFF,ON",1,4,2,2,,HW0000,
%AN1742,,,"ON,,OFF,ON",1,4,2,2,,HW0000,
%AN1743,,,"ON,,OFF,ON",1,4,2,2,,HW0000,
%AN1744,,,"ON,,OFF,ON",1,4,2,2,,HW0000,
%AN1745,,,"ON,,OFF,ON",1,4,2,2,,HW0000,
%AN1746,,,"ON,,OFF,ON",1,4,2,2,,HW0000,
%AN1747,,,"ON,,OFF,ON",1,4,2,2,,HW0000,
%AN1748,,,"ON,,OFF,ON",1,4,2,2,,HW0000,
%AN1749,,,"ON,,OFF,ON",1,4,2,2,,HW0000,
%AN1750,,,"ON,,OFF,ON",1,4,2,2,,HW0000,
%AN1751,,,"ON,,OFF,ON",1,4,2,2,,HW0000,
%AN1752,,,"ON,,OFF,ON",1,4,2,2,,HW0000,
%AN1753,,,"ON,,OFF,ON",1,4,2,2,,HW0000,
%AN1754,,,"ON,,OFF,ON",1,4,2,2,,HW0000,
%AN1755,,,"ON,,OFF,ON",1,4,2,2,,HW0000,
%AN1756,,,"ON,,OFF,ON",1,4,2,2,,HW0000,
%AN1757,,,"ON,,OFF,ON",1,4,2,2,,HW0000,
%AN1758,,,"ON,,OFF,ON",1,4,2,2,,HW0000,
%AN1759,,,"ON,,OFF,ON",1,4,2,2,,HW0000,
%AN1760,,,"ON,,OFF,ON",1,4,2,2,,HW0000,
%AN1761,,,"ON,,OFF,ON",1,4,2,2,,HW0000,
%AN1762,,,"ON,,OFF,ON",1,4,2,2,,HW0000,
%AN1763,,,"ON,,OFF,ON",1,4,2,2,,HW0000,
%AN1764,,,"ON,,OFF,ON",1,4,2,2,,HW0000,
%AN1765,,,"ON,,OFF,ON",1,4,2,2,,HW0000,
%AN1766,,,"ON,,OFF,ON",1,4,2,2,,HW0000,
%AN1767,,,"ON,,OFF,ON",1,4,2,2,,HW0000,
%AN1768,,,"ON,,OFF,ON",1,4,2,2,,HW0000,
%AN1769,,,"ON,,OFF,ON",1,4,2,2,,HW0000,
%AN1770,,,"ON,,OFF,ON",1,4,2,2,,HW0000,
%AN1771,,,"ON,,OFF,ON",1,4,2,2,,HW0000,
%AN1772,,,"ON,,OFF,ON",1,4,2,2,,HW0000,
%AN1773,,,"ON,,OFF,ON",1,4,2,2,,HW0000,
%AN1774,,,"ON,,OFF,ON",1,4,2,2,,HW0000,
%AN1775,,,"ON,,OFF,ON",1,4,2,2,,HW0000,
%AN1776,,,"ON,,OFF,ON",1,4,2,2,,HW0000,
%AN1777,,,"ON,,OFF,ON",1,4,2,2,,HW0000,
%AN1778,,,"ON,,OFF,ON",1,4,2,2,,HW0000,
%AN1779,,,"ON,,OFF,ON",1,4,2,2,,HW0000,
%AN1780,,,"ON,,OFF,ON",1,4,2,2,,HW0000,
%AN1781,,,"ON,,OFF,ON",1,4,2,2,,HW0000,
%AN1782,,,"ON,,OFF,ON",1,4,2,2,,HW0000,
%AN1783,,,"ON,,OFF,ON",1,4,2,2,,HW0000,
%AN1784,,,"ON,,OFF,ON",1,4,2,2,,HW0000,
%AN1785,,,"ON,,OFF,ON",1,4,2,2,,HW0000,
%AN1786,,,"ON,,OFF,ON",1,4,2,2,,HW0000,
%AN1787,,,"ON,,OFF,ON",1,4,2,2,,HW0000,
%AN1788,,,"ON,,OFF,ON",1,4,2,2,,HW0000,
%AN1789,,,"ON,,OFF,ON",1,4,2,2,,HW0000,
%AN1790,,,"ON,,OFF,ON",1,4,2,2,,HW0000,
%AN1791,,,"ON,,OFF,ON",1,4,2,2,,HW0000,
%AN1792,,,"ON,,OFF,ON",1,4,2,2,,HW0000,
%AN1793,,,"ON,,OFF,ON",1,4,2,2,,HW0000,
%AN1794,,,"ON,,OFF,ON",1,4,2,2,,HW0000,
%AN1795,,,"ON,,OFF,ON",1,4,2,2,,HW0000,
%AN1796,,,"ON,,OFF,ON",1,4,2,2,,HW0000,
%AN1797,,,"ON,,OFF,ON",1,4,2,2,,HW0000,
%AN1798,,,"ON,,OFF,ON",1,4,2,2,,HW0000,
%AN1799,,,"ON,,OFF,ON",1,4,2,2,,HW0000,
%AN1800,,,"ON,,OFF,ON",1,4,2,2,,HW0000,
%AN1801,,,"ON,,OFF,ON",1,4,2,2,,HW0000,
%AN1802,,,"ON,,OFF,ON",1,4,2,2,,HW0000,
%AN1803,,,"ON,,OFF,ON",1,4,2,2,,HW0000,
%AN1804,,,"ON,,OFF,ON",1,4,2,2,,HW0000,
%AN1805,,,"ON,,OFF,ON",1,4,2,2,,HW0000,
%AN1806,,,"ON,,OFF,ON",1,4,2,2,,HW0000,
%AN1807,,,"ON,,OFF,ON",1,4,2,2,,HW0000,
%AN1808,,,"ON,,OFF,ON",1,4,2,2,,HW0000,
%AN1809,,,"ON,,OFF,ON",1,4,2,2,,HW0000,
%AN1810,,,"ON,,OFF,ON",1,4,2,2,,HW0000,
%AN1811,,,"ON,,OFF,ON",1,4,2,2,,HW0000,
%AN1812,,,"ON,,OFF,ON",1,4,2,2,,HW0000,
%AN1813,,,"ON,,OFF,ON",1,4,2,2,,HW0000,
%AN1814,,,"ON,,OFF,ON",1,4,2,2,,HW0000,
%AN1815,,,"ON,,OFF,ON",1,4,2,2,,HW0000,
%AN1816,,,"ON,,OFF,ON",1,4,2,2,,HW0000,
%AN1817,,,"ON,,OFF,ON",1,4,2,2,,HW0000,
%AN1818,,,"ON,,OFF,ON",1,4,2,2,,HW0000,
%AN1819,,,"ON,,OFF,ON",1,4,2,2,,HW0000,
%AN1820,,,"ON,,OFF,ON",1,4,2,2,,HW0000,
%AN1821,,,"ON,,OFF,ON",1,4,2,2,,HW0000,
%AN1822,,,"ON,,OFF,ON",1,4,2,2,,HW0000,
%AN1823,,,"ON,,OFF,ON",1,4,2,2,,HW0000,
%AN1824,,,"ON,,OFF,ON",1,4,2,2,,HW0000,
%AN1825,,,"ON,,OFF,ON",1,4,2,2,,HW0000,
%AN1826,,,"ON,,OFF,ON",1,4,2,2,,HW0000,
%AN1827,,,"ON,,OFF,ON",1,4,2,2,,HW0000,
%AN1828,,,"ON,,OFF,ON",1,4,2,2,,HW0000,
%AN1829,,,"ON,,OFF,ON",1,4,2,2,,HW0000,
%AN1830,,,"ON,,OFF,ON",1,4,2,2,,HW0000,
%AN1831,,,"ON,,OFF,ON",1,4,2,2,,HW0000,
%AN1832,,,"ON,,OFF,ON",1,4,2,2,,HW0000,
%AN1833,,,"ON,,OFF,ON",1,4,2,2,,HW0000,
%AN1834,,,"ON,,OFF,ON",1,4,2,2,,HW0000,
%AN1835,,,"ON,,OFF,ON",1,4,2,2,,HW0000,
%AN1836,,,"ON,,OFF,ON",1,4,2,2,,HW0000,
%AN1837,,,"ON,,OFF,ON",1,4,2,2,,HW0000,
%AN1838,,,"ON,,OFF,ON",1,4,2,2,,HW0000,
%AN1839,,,"ON,,OFF,ON",1,4,2,2,,HW0000,
%AN1840,,,"ON,,OFF,ON",1,4,2,2,,HW0000,
%AN1841,,,"ON,,OFF,ON",1,4,2,2,,HW0000,
%AN1842,,,"ON,,OFF,ON",1,4,2,2,,HW0000,
%AN1843,,,"ON,,OFF,ON",1,4,2,2,,HW0000,
%AN1844,,,"ON,,OFF,ON",1,4,2,2,,HW0000,
%AN1845,,,"ON,,OFF,ON",1,4,2,2,,HW0000,
%AN1846,,,"ON,,OFF,ON",1,4,2,2,,HW0000,
%AN1847,,,"ON,,OFF,ON",1,4,2,2,,HW0000,
%AN1848,,,"ON,,OFF,ON",1,4,2,2,,HW0000,
%AN1849,,,"ON,,OFF,ON",1,4,2,2,,HW0000,
%AN1850,,,"ON,,OFF,ON",1,4,2,2,,HW0000,
%AN1851,,,"ON,,OFF,ON",1,4,2,2,,HW0000,
%AN1852,,,"ON,,OFF,ON",1,4,2,2,,HW0000,
%AN1853,,,"ON,,OFF,ON",1,4,2,2,,HW0000,
%AN1854,,,"ON,,OFF,ON",1,4,2,2,,HW0000,
%AN1855,,,"ON,,OFF,ON",1,4,2,2,,HW0000,
%AN1856,,,"ON,,OFF,ON",1,4,2,2,,HW0000,
%AN1857,,,"ON,,OFF,ON",1,4,2,2,,HW0000,
%AN1858,,,"ON,,OFF,ON",1,4,2,2,,HW0000,
%AN1859,,,"ON,,OFF,ON",1,4,2,2,,HW0000,
%AN1860,,,"ON,,OFF,ON",1,4,2,2,,HW0000,
%AN1861,,,"ON,,OFF,ON",1,4,2,2,,HW0000,
%AN1862,,,"ON,,OFF,ON",1,4,2,2,,HW0000,
%AN1863,,,"ON,,OFF,ON",1,4,2,2,,HW0000,
%AN1864,,,"ON,,OFF,ON",1,4,2,2,,HW0000,
%AN1865,,,"ON,,OFF,ON",1,4,2,2,,HW0000,
%AN1866,,,"ON,,OFF,ON",1,4,2,2,,HW0000,
%AN1867,,,"ON,,OFF,ON",1,4,2,2,,HW0000,
%AN1868,,,"ON,,OFF,ON",1,4,2,2,,HW0000,
%AN1869,,,"ON,,OFF,ON",1,4,2,2,,HW0000,
%AN1870,,,"ON,,OFF,ON",1,4,2,2,,HW0000,
%AN1871,,,"ON,,OFF,ON",1,4,2,2,,HW0000,
%AN1872,,,"ON,,OFF,ON",1,4,2,2,,HW0000,
%AN1873,,,"ON,,OFF,ON",1,4,2,2,,HW0000,
%AN1874,,,"ON,,OFF,ON",1,4,2,2,,HW0000,
%AN1875,,,"ON,,OFF,ON",1,4,2,2,,HW0000,
%AN1876,,,"ON,,OFF,ON",1,4,2,2,,HW0000,
%AN1877,,,"ON,,OFF,ON",1,4,2,2,,HW0000,
%AN1878,,,"ON,,OFF,ON",1,4,2,2,,HW0000,
%AN1879,,,"ON,,OFF,ON",1,4,2,2,,HW0000,
%AN1880,,,"ON,,OFF,ON",1,4,2,2,,HW0000,
%AN1881,,,"ON,,OFF,ON",1,4,2,2,,HW0000,
%AN1882,,,"ON,,OFF,ON",1,4,2,2,,HW0000,
%AN1883,,,"ON,,OFF,ON",1,4,2,2,,HW0000,
%AN1884,,,"ON,,OFF,ON",1,4,2,2,,HW0000,
%AN1885,,,"ON,,OFF,ON",1,4,2,2,,HW0000,
%AN1886,,,"ON,,OFF,ON",1,4,2,2,,HW0000,
%AN1887,,,"ON,,OFF,ON",1,4,2,2,,HW0000,
%AN1888,,,"ON,,OFF,ON",1,4,2,2,,HW0000,
%AN1889,,,"ON,,OFF,ON",1,4,2,2,,HW0000,
%AN1890,,,"ON,,OFF,ON",1,4,2,2,,HW0000,
%AN1891,,,"ON,,OFF,ON",1,4,2,2,,HW0000,
%AN1892,,,"ON,,OFF,ON",1,4,2,2,,HW0000,
%AN1893,,,"ON,,OFF,ON",1,4,2,2,,HW0000,
%AN1894,,,"ON,,OFF,ON",1,4,2,2,,HW0000,
%AN1895,,,"ON,,OFF,ON",1,4,2,2,,HW0000,
%AN1896,,,"ON,,OFF,ON",1,4,2,2,,HW0000,
%AN1897,,,"ON,,OFF,ON",1,4,2,2,,HW0000,
%AN1898,,,"ON,,OFF,ON",1,4,2,2,,HW0000,
%AN1899,,,"ON,,OFF,ON",1,4,2,2,,HW0000,
%AN1900,,,"ON,,OFF,ON",1,4,2,2,,HW0000,
%AN1901,,,"ON,,OFF,ON",1,4,2,2,,HW0000,
%AN1902,,,"ON,,OFF,ON",1,4,2,2,,HW0000,
%AN1903,,,"ON,,OFF,ON",1,4,2,2,,HW0000,
%AN1904,,,"ON,,OFF,ON",1,4,2,2,,HW0000,
%AN1905,,,"ON,,OFF,ON",1,4,2,2,,HW0000,
%AN1906,,,"ON,,OFF,ON",1,4,2,2,,HW0000,
%AN1907,,,"ON,,OFF,ON",1,4,2,2,,HW0000,
%AN1908,,,"ON,,OFF,ON",1,4,2,2,,HW0000,
%AN1909,,,"ON,,OFF,ON",1,4,2,2,,HW0000,
%AN1910,,,"ON,,OFF,ON",1,4,2,2,,HW0000,
%AN1911,,,"ON,,OFF,ON",1,4,2,2,,HW0000,
%AN1912,,,"ON,,OFF,ON",1,4,2,2,,HW0000,
%AN1913,,,"ON,,OFF,ON",1,4,2,2,,HW0000,
%AN1914,,,"ON,,OFF,ON",1,4,2,2,,HW0000,
%AN1915,,,"ON,,OFF,ON",1,4,2,2,,HW0000,
%AN1916,,,"ON,,OFF,ON",1,4,2,2,,HW0000,
%AN1917,,,"ON,,OFF,ON",1,4,2,2,,HW0000,
%AN1918,,,"ON,,OFF,ON",1,4,2,2,,HW0000,
%AN1919,,,"ON,,OFF,ON",1,4,2,2,,HW0000,
%AN1920,,,"ON,,OFF,ON",1,4,2,2,,HW0000,
%AN1921,,,"ON,,OFF,ON",1,4,2,2,,HW0000,
%AN1922,,,"ON,,OFF,ON",1,4,2,2,,HW0000,
%AN1923,,,"ON,,OFF,ON",1,4,2,2,,HW0000,
%AN1924,,,"ON,,OFF,ON",1,4,2,2,,HW0000,
%AN1925,,,"ON,,OFF,ON",1,4,2,2,,HW0000,
%AN1926,,,"ON,,OFF,ON",1,4,2,2,,HW0000,
%AN1927,,,"ON,,OFF,ON",1,4,2,2,,HW0000,
%AN1928,,,"ON,,OFF,ON",1,4,2,2,,HW0000,
%AN1929,,,"ON,,OFF,ON",1,4,2,2,,HW0000,
%AN1930,,,"ON,,OFF,ON",1,4,2,2,,HW0000,
%AN1931,,,"ON,,OFF,ON",1,4,2,2,,HW0000,
%AN1932,,,"ON,,OFF,ON",1,4,2,2,,HW0000,
%AN1933,,,"ON,,OFF,ON",1,4,2,2,,HW0000,
%AN1934,,,"ON,,OFF,ON",1,4,2,2,,HW0000,
%AN1935,,,"ON,,OFF,ON",1,4,2,2,,HW0000,
%AN1936,,,"ON,,OFF,ON",1,4,2,2,,HW0000,
%AN1937,,,"ON,,OFF,ON",1,4,2,2,,HW0000,
%AN1938,,,"ON,,OFF,ON",1,4,2,2,,HW0000,
%AN1939,,,"ON,,OFF,ON",1,4,2,2,,HW0000,
%AN1940,,,"ON,,OFF,ON",1,4,2,2,,HW0000,
%AN1941,,,"ON,,OFF,ON",1,4,2,2,,HW0000,
%AN1942,,,"ON,,OFF,ON",1,4,2,2,,HW0000,
%AN1943,,,"ON,,OFF,ON",1,4,2,2,,HW0000,
%AN1944,,,"ON,,OFF,ON",1,4,2,2,,HW0000,
%AN1945,,,"ON,,OFF,ON",1,4,2,2,,HW0000,
%AN1946,,,"ON,,OFF,ON",1,4,2,2,,HW0000,
%AN1947,,,"ON,,OFF,ON",1,4,2,2,,HW0000,
%AN1948,,,"ON,,OFF,ON",1,4,2,2,,HW0000,
%AN1949,,,"ON,,OFF,ON",1,4,2,2,,HW0000,
%AN1950,,,"ON,,OFF,ON",1,4,2,2,,HW0000,
%AN1951,,,"ON,,OFF,ON",1,4,2,2,,HW0000,
%AN1952,,,"ON,,OFF,ON",1,4,2,2,,HW0000,
%AN1953,,,"ON,,OFF,ON",1,4,2,2,,HW0000,
%AN1954,,,"ON,,OFF,ON",1,4,2,2,,HW0000,
%AN1955,,,"ON,,OFF,ON",1,4,2,2,,HW0000,
%AN1956,,,"ON,,OFF,ON",1,4,2,2,,HW0000,
%AN1957,,,"ON,,OFF,ON",1,4,2,2,,HW0000,
%AN1958,,,"ON,,OFF,ON",1,4,2,2,,HW0000,
%AN1959,,,"ON,,OFF,ON",1,4,2,2,,HW0000,
%AN1960,,,"ON,,OFF,ON",1,4,2,2,,HW0000,
%AN1961,,,"ON,,OFF,ON",1,4,2,2,,HW0000,
%AN1962,,,"ON,,OFF,ON",1,4,2,2,,HW0000,
%AN1963,,,"ON,,OFF,ON",1,4,2,2,,HW0000,
%AN1964,,,"ON,,OFF,ON",1,4,2,2,,HW0000,
%AN1965,,,"ON,,OFF,ON",1,4,2,2,,HW0000,
%AN1966,,,"ON,,OFF,ON",1,4,2,2,,HW0000,
%AN1967,,,"ON,,OFF,ON",1,4,2,2,,HW0000,
%AN1968,,,"ON,,OFF,ON",1,4,2,2,,HW0000,
%AN1969,,,"ON,,OFF,ON",1,4,2,2,,HW0000,
%AN1970,,,"ON,,OFF,ON",1,4,2,2,,HW0000,
%AN1971,,,"ON,,OFF,ON",1,4,2,2,,HW0000,
%AN1972,,,"ON,,OFF,ON",1,4,2,2,,HW0000,
%AN1973,,,"ON,,OFF,ON",1,4,2,2,,HW0000,
%AN1974,,,"ON,,OFF,ON",1,4,2,2,,HW0000,
%AN1975,,,"ON,,OFF,ON",1,4,2,2,,HW0000,
%AN1976,,,"ON,,OFF,ON",1,4,2,2,,HW0000,
%AN1977,,,"ON,,OFF,ON",1,4,2,2,,HW0000,
%AN1978,,,"ON,,OFF,ON",1,4,2,2,,HW0000,
%AN1979,,,"ON,,OFF,ON",1,4,2,2,,HW0000,
%AN1980,,,"ON,,OFF,ON",1,4,2,2,,HW0000,
%AN1981,,,"ON,,OFF,ON",1,4,2,2,,HW0000,
%AN1982,,,"ON,,OFF,ON",1,4,2,2,,HW0000,
%AN1983,,,"ON,,OFF,ON",1,4,2,2,,HW0000,
%AN1984,,,"ON,,OFF,ON",1,4,2,2,,HW0000,
%AN1985,,,"ON,,OFF,ON",1,4,2,2,,HW0000,
%AN1986,,,"ON,,OFF,ON",1,4,2,2,,HW0000,
%AN1987,,,"ON,,OFF,ON",1,4,2,2,,HW0000,
%AN1988,,,"ON,,OFF,ON",1,4,2,2,,HW0000,
%AN1989,,,"ON,,OFF,ON",1,4,2,2,,HW0000,
%AN1990,,,"ON,,OFF,ON",1,4,2,2,,HW0000,
%AN1991,,,"ON,,OFF,ON",1,4,2,2,,HW0000,
%AN1992,,,"ON,,OFF,ON",1,4,2,2,,HW0000,
%AN1993,,,"ON,,OFF,ON",1,4,2,2,,HW0000,
%AN1994,,,"ON,,OFF,ON",1,4,2,2,,HW0000,
%AN1995,,,"ON,,OFF,ON",1,4,2,2,,HW0000,
%AN1996,,,"ON,,OFF,ON",1,4,2,2,,HW0000,
%AN1997,,,"ON,,OFF,ON",1,4,2,2,,HW0000,
%AN1998,,,"ON,,OFF,ON",1,4,2,2,,HW0000,
%AN1999,,,"ON,,OFF,ON",1,4,2,2,,HW0000,
%AN2000,,,"ON,,OFF,ON",1,4,2,2,,HW0000,
